<annotation>
	<folder></folder>
	<filename>0369b20e-b432-4409-90f9-2420877aa386___8151536c79159a1557421da5f27f9f0e-jpg_jpeg.rf.0094a090e432505e522a9d4987eb7ab6.jpg</filename>
	<path>0369b20e-b432-4409-90f9-2420877aa386___8151536c79159a1557421da5f27f9f0e-jpg_jpeg.rf.0094a090e432505e522a9d4987eb7ab6.jpg</path>
	<source>
		<database>roboflow.ai</database>
	</source>
	<size>
		<width>300</width>
		<height>300</height>
		<depth>3</depth>
	</size>
	<segmented>0</segmented>
	<object>
		<name>KL05AK3300</name>
		<pose>Unspecified</pose>
		<truncated>0</truncated>
		<difficult>0</difficult>
		<occluded>0</occluded>
		<bndbox>
			<xmin>210</xmin>
			<xmax>284</xmax>
			<ymin>196</ymin>
			<ymax>217</ymax>
		</bndbox>
	</object>
</annotation>
