<annotation>
	<folder></folder>
	<filename>074d85b8-42ec-4d17-9b8e-9e51ae060243___hqdefault-jpg_jpeg.rf.287b936e0bd30050405e0c36bc54b5f7.jpg</filename>
	<path>074d85b8-42ec-4d17-9b8e-9e51ae060243___hqdefault-jpg_jpeg.rf.287b936e0bd30050405e0c36bc54b5f7.jpg</path>
	<source>
		<database>roboflow.ai</database>
	</source>
	<size>
		<width>300</width>
		<height>300</height>
		<depth>3</depth>
	</size>
	<segmented>0</segmented>
	<object>
		<name>TN43J0158</name>
		<pose>Unspecified</pose>
		<truncated>0</truncated>
		<difficult>0</difficult>
		<occluded>0</occluded>
		<bndbox>
			<xmin>89</xmin>
			<xmax>198</xmax>
			<ymin>123</ymin>
			<ymax>192</ymax>
		</bndbox>
	</object>
</annotation>
