<annotation>
	<folder></folder>
	<filename>07aaab79-71ee-4ea3-a9e6-640191183947___3e7fd381-0ae5-4421-8a70-279ee0ec1c61_1208484d1392541449-nissan-terrano-official-review-img_20140215_181708_jpg.rf.9ee430cdc6428a1bf7f392324e81bf7c.jpg</filename>
	<path>07aaab79-71ee-4ea3-a9e6-640191183947___3e7fd381-0ae5-4421-8a70-279ee0ec1c61_1208484d1392541449-nissan-terrano-official-review-img_20140215_181708_jpg.rf.9ee430cdc6428a1bf7f392324e81bf7c.jpg</path>
	<source>
		<database>roboflow.ai</database>
	</source>
	<size>
		<width>300</width>
		<height>300</height>
		<depth>3</depth>
	</size>
	<segmented>0</segmented>
	<object>
		<name>KA18P2987</name>
		<pose>Unspecified</pose>
		<truncated>0</truncated>
		<difficult>0</difficult>
		<occluded>0</occluded>
		<bndbox>
			<xmin>160</xmin>
			<xmax>223</xmax>
			<ymin>211</ymin>
			<ymax>231</ymax>
		</bndbox>
	</object>
</annotation>
