<annotation>
	<folder></folder>
	<filename>07bd977e-d578-49a2-b345-7cee5a4db6bf___new_1031520d1356604430-skoda-rapid-joins-family-edit-sold-wp_000281-jpg_jpeg.rf.e0d9c73f82bfdb59c6e45243c5e18150.jpg</filename>
	<path>07bd977e-d578-49a2-b345-7cee5a4db6bf___new_1031520d1356604430-skoda-rapid-joins-family-edit-sold-wp_000281-jpg_jpeg.rf.e0d9c73f82bfdb59c6e45243c5e18150.jpg</path>
	<source>
		<database>roboflow.ai</database>
	</source>
	<size>
		<width>300</width>
		<height>300</height>
		<depth>3</depth>
	</size>
	<segmented>0</segmented>
	<object>
		<name>MH12JC2813</name>
		<pose>Unspecified</pose>
		<truncated>0</truncated>
		<difficult>0</difficult>
		<occluded>0</occluded>
		<bndbox>
			<xmin>96</xmin>
			<xmax>220</xmax>
			<ymin>171</ymin>
			<ymax>213</ymax>
		</bndbox>
	</object>
</annotation>
