<annotation>
	<folder></folder>
	<filename>0850c175-0b8d-47f2-801c-e29f1dbdb367___3e7fd381-0ae5-4421-8a70-279ee0ec1c61_571_jpg.rf.105a02e3efc645f4fe148a8f0fa69c16.jpg</filename>
	<path>0850c175-0b8d-47f2-801c-e29f1dbdb367___3e7fd381-0ae5-4421-8a70-279ee0ec1c61_571_jpg.rf.105a02e3efc645f4fe148a8f0fa69c16.jpg</path>
	<source>
		<database>roboflow.ai</database>
	</source>
	<size>
		<width>300</width>
		<height>300</height>
		<depth>3</depth>
	</size>
	<segmented>0</segmented>
	<object>
		<name>RJ27TC0530</name>
		<pose>Unspecified</pose>
		<truncated>0</truncated>
		<difficult>0</difficult>
		<occluded>0</occluded>
		<bndbox>
			<xmin>141</xmin>
			<xmax>224</xmax>
			<ymin>137</ymin>
			<ymax>191</ymax>
		</bndbox>
	</object>
</annotation>
