<annotation>
	<folder></folder>
	<filename>092c497e-623d-499d-822a-4b01c657389b___3e7fd381-0ae5-4421-8a70-279ee0ec1c61_nissan-terrano-rear-left-rim_jpg.rf.6eac4928c80f7a8302f616b1dd3d29e5.jpg</filename>
	<path>092c497e-623d-499d-822a-4b01c657389b___3e7fd381-0ae5-4421-8a70-279ee0ec1c61_nissan-terrano-rear-left-rim_jpg.rf.6eac4928c80f7a8302f616b1dd3d29e5.jpg</path>
	<source>
		<database>roboflow.ai</database>
	</source>
	<size>
		<width>300</width>
		<height>300</height>
		<depth>3</depth>
	</size>
	<segmented>0</segmented>
	<object>
		<name>KL63C8800</name>
		<pose>Unspecified</pose>
		<truncated>0</truncated>
		<difficult>0</difficult>
		<occluded>0</occluded>
		<bndbox>
			<xmin>95</xmin>
			<xmax>148</xmax>
			<ymin>189</ymin>
			<ymax>211</ymax>
		</bndbox>
	</object>
</annotation>
