<annotation>
	<folder></folder>
	<filename>0a0d1748-48cd-4114-90cb-b5baf0b3cbe4___3e7fd381-0ae5-4421-8a70-279ee0ec1c61_147274518_15141875973_large_jpg.rf.1c21a8869c81c39f47446756c4d8a007.jpg</filename>
	<path>0a0d1748-48cd-4114-90cb-b5baf0b3cbe4___3e7fd381-0ae5-4421-8a70-279ee0ec1c61_147274518_15141875973_large_jpg.rf.1c21a8869c81c39f47446756c4d8a007.jpg</path>
	<source>
		<database>roboflow.ai</database>
	</source>
	<size>
		<width>300</width>
		<height>300</height>
		<depth>3</depth>
	</size>
	<segmented>0</segmented>
	<object>
		<name>MH46X9996</name>
		<pose>Unspecified</pose>
		<truncated>0</truncated>
		<difficult>0</difficult>
		<occluded>0</occluded>
		<bndbox>
			<xmin>95</xmin>
			<xmax>165</xmax>
			<ymin>201</ymin>
			<ymax>221</ymax>
		</bndbox>
	</object>
</annotation>
