<annotation>
	<folder></folder>
	<filename>0a720df9-e4ef-4e44-8c13-b39b9be8444d___3e7fd381-0ae5-4421-8a70-279ee0ec1c61_Nissan-Terrano-6_jpg.rf.6e2d665c87dba62d547ca96c58dc7892.jpg</filename>
	<path>0a720df9-e4ef-4e44-8c13-b39b9be8444d___3e7fd381-0ae5-4421-8a70-279ee0ec1c61_Nissan-Terrano-6_jpg.rf.6e2d665c87dba62d547ca96c58dc7892.jpg</path>
	<source>
		<database>roboflow.ai</database>
	</source>
	<size>
		<width>300</width>
		<height>300</height>
		<depth>3</depth>
	</size>
	<segmented>0</segmented>
	<object>
		<name>TN21AT0480</name>
		<pose>Unspecified</pose>
		<truncated>0</truncated>
		<difficult>0</difficult>
		<occluded>0</occluded>
		<bndbox>
			<xmin>39</xmin>
			<xmax>92</xmax>
			<ymin>162</ymin>
			<ymax>188</ymax>
		</bndbox>
	</object>
</annotation>
