<annotation>
	<folder></folder>
	<filename>0b77e2a4-34db-486c-8d87-46186f5b7b88___3e7fd381-0ae5-4421-8a70-279ee0ec1c61_nissan-terrano-diesel-review-motorzest-04_jpg.rf.5b537480a51766f6b8ac4adbbcb764ee.jpg</filename>
	<path>0b77e2a4-34db-486c-8d87-46186f5b7b88___3e7fd381-0ae5-4421-8a70-279ee0ec1c61_nissan-terrano-diesel-review-motorzest-04_jpg.rf.5b537480a51766f6b8ac4adbbcb764ee.jpg</path>
	<source>
		<database>roboflow.ai</database>
	</source>
	<size>
		<width>300</width>
		<height>300</height>
		<depth>3</depth>
	</size>
	<segmented>0</segmented>
	<object>
		<name>TN21AT0479</name>
		<pose>Unspecified</pose>
		<truncated>0</truncated>
		<difficult>0</difficult>
		<occluded>0</occluded>
		<bndbox>
			<xmin>159</xmin>
			<xmax>188</xmax>
			<ymin>174</ymin>
			<ymax>191</ymax>
		</bndbox>
	</object>
</annotation>
