<annotation>
	<folder></folder>
	<filename>10c96324-3452-43e2-aa68-c8ae7d3c1b6e___844874771_1_1080x720_maruti-suzuki-wagon-r-vxi-bs-iii-2014-petrol-jpg_jpeg.rf.efbe0eed1d1a26bc50e3bc4d5ac513aa.jpg</filename>
	<path>10c96324-3452-43e2-aa68-c8ae7d3c1b6e___844874771_1_1080x720_maruti-suzuki-wagon-r-vxi-bs-iii-2014-petrol-jpg_jpeg.rf.efbe0eed1d1a26bc50e3bc4d5ac513aa.jpg</path>
	<source>
		<database>roboflow.ai</database>
	</source>
	<size>
		<width>300</width>
		<height>300</height>
		<depth>3</depth>
	</size>
	<segmented>0</segmented>
	<object>
		<name>TN52U1580</name>
		<pose>Unspecified</pose>
		<truncated>0</truncated>
		<difficult>0</difficult>
		<occluded>0</occluded>
		<bndbox>
			<xmin>83</xmin>
			<xmax>209</xmax>
			<ymin>164</ymin>
			<ymax>198</ymax>
		</bndbox>
	</object>
</annotation>
