<annotation>
	<folder></folder>
	<filename>11186c4c-5f17-49b1-af37-a138a1e53794___12837944763_e7c6c6381a_z-jpg_jpeg.rf.704da010f48d8f8cc0de761eb39aceac.jpg</filename>
	<path>11186c4c-5f17-49b1-af37-a138a1e53794___12837944763_e7c6c6381a_z-jpg_jpeg.rf.704da010f48d8f8cc0de761eb39aceac.jpg</path>
	<source>
		<database>roboflow.ai</database>
	</source>
	<size>
		<width>300</width>
		<height>300</height>
		<depth>3</depth>
	</size>
	<segmented>0</segmented>
	<object>
		<name>MH20CS1941</name>
		<pose>Unspecified</pose>
		<truncated>0</truncated>
		<difficult>0</difficult>
		<occluded>0</occluded>
		<bndbox>
			<xmin>104</xmin>
			<xmax>203</xmax>
			<ymin>131</ymin>
			<ymax>161</ymax>
		</bndbox>
	</object>
</annotation>
