<annotation>
	<folder></folder>
	<filename>125b5cda-9691-47aa-8e57-f6d8a8537d83___fancy_number_plates_in_india-jpg_jpeg.rf.cf29e7cf48ab6ca5769bbaaf326d877a.jpg</filename>
	<path>125b5cda-9691-47aa-8e57-f6d8a8537d83___fancy_number_plates_in_india-jpg_jpeg.rf.cf29e7cf48ab6ca5769bbaaf326d877a.jpg</path>
	<source>
		<database>roboflow.ai</database>
	</source>
	<size>
		<width>300</width>
		<height>300</height>
		<depth>3</depth>
	</size>
	<segmented>0</segmented>
	<object>
		<name>TN66U8215</name>
		<pose>Unspecified</pose>
		<truncated>0</truncated>
		<difficult>0</difficult>
		<occluded>0</occluded>
		<bndbox>
			<xmin>32</xmin>
			<xmax>242</xmax>
			<ymin>83</ymin>
			<ymax>168</ymax>
		</bndbox>
	</object>
</annotation>
