<annotation>
	<folder></folder>
	<filename>12e26859-89e0-4c9b-9c59-ee793337464f___20-jpg_jpeg.rf.6842d9a931d739a908bda6c782c2f5a0.jpg</filename>
	<path>12e26859-89e0-4c9b-9c59-ee793337464f___20-jpg_jpeg.rf.6842d9a931d739a908bda6c782c2f5a0.jpg</path>
	<source>
		<database>roboflow.ai</database>
	</source>
	<size>
		<width>300</width>
		<height>300</height>
		<depth>3</depth>
	</size>
	<segmented>0</segmented>
	<object>
		<name>HR26BR9044</name>
		<pose>Unspecified</pose>
		<truncated>0</truncated>
		<difficult>0</difficult>
		<occluded>0</occluded>
		<bndbox>
			<xmin>67</xmin>
			<xmax>123</xmax>
			<ymin>125</ymin>
			<ymax>150</ymax>
		</bndbox>
	</object>
</annotation>
