<annotation>
	<folder></folder>
	<filename>13ffaad4-a186-46bd-ae5d-924d1c8d7c50___maruti-suzuki-Baleno-RS-pics-48-jpg_jpeg.rf.428a650a72c3b92e7c461a7429877b8b.jpg</filename>
	<path>13ffaad4-a186-46bd-ae5d-924d1c8d7c50___maruti-suzuki-Baleno-RS-pics-48-jpg_jpeg.rf.428a650a72c3b92e7c461a7429877b8b.jpg</path>
	<source>
		<database>roboflow.ai</database>
	</source>
	<size>
		<width>300</width>
		<height>300</height>
		<depth>3</depth>
	</size>
	<segmented>0</segmented>
	<object>
		<name>HR26DA5443</name>
		<pose>Unspecified</pose>
		<truncated>0</truncated>
		<difficult>0</difficult>
		<occluded>0</occluded>
		<bndbox>
			<xmin>243</xmin>
			<xmax>276</xmax>
			<ymin>204</ymin>
			<ymax>241</ymax>
		</bndbox>
	</object>
</annotation>
