<annotation>
	<folder></folder>
	<filename>15e7c19f-da3c-4f0d-91f3-552afabc8961___41FxrEl7jHL-jpg_jpeg.rf.b49417ac36dd5b6bb9514eee894dc3b2.jpg</filename>
	<path>15e7c19f-da3c-4f0d-91f3-552afabc8961___41FxrEl7jHL-jpg_jpeg.rf.b49417ac36dd5b6bb9514eee894dc3b2.jpg</path>
	<source>
		<database>roboflow.ai</database>
	</source>
	<size>
		<width>300</width>
		<height>300</height>
		<depth>3</depth>
	</size>
	<segmented>0</segmented>
	<object>
		<name>DL10CG4693</name>
		<pose>Unspecified</pose>
		<truncated>0</truncated>
		<difficult>0</difficult>
		<occluded>0</occluded>
		<bndbox>
			<xmin>88</xmin>
			<xmax>222</xmax>
			<ymin>118</ymin>
			<ymax>183</ymax>
		</bndbox>
	</object>
</annotation>
