<annotation>
	<folder></folder>
	<filename>165eaa92-8e90-44e6-b132-8af462bae0c9___scorpio-rear-JPG_jpeg.rf.279b0150d5c855f2994c0a30780eb8ec.jpg</filename>
	<path>165eaa92-8e90-44e6-b132-8af462bae0c9___scorpio-rear-JPG_jpeg.rf.279b0150d5c855f2994c0a30780eb8ec.jpg</path>
	<source>
		<database>roboflow.ai</database>
	</source>
	<size>
		<width>300</width>
		<height>300</height>
		<depth>3</depth>
	</size>
	<segmented>0</segmented>
	<object>
		<name>KA01MA6989</name>
		<pose>Unspecified</pose>
		<truncated>0</truncated>
		<difficult>0</difficult>
		<occluded>0</occluded>
		<bndbox>
			<xmin>32</xmin>
			<xmax>80</xmax>
			<ymin>129</ymin>
			<ymax>158</ymax>
		</bndbox>
	</object>
</annotation>
