<annotation>
	<folder></folder>
	<filename>175ff546-0679-4cbb-ab03-acfcd96877b7___Maruti_Wagon_R_Rear-jpg_jpeg.rf.b98dd951eef4a2679b7361c2d40269ca.jpg</filename>
	<path>175ff546-0679-4cbb-ab03-acfcd96877b7___Maruti_Wagon_R_Rear-jpg_jpeg.rf.b98dd951eef4a2679b7361c2d40269ca.jpg</path>
	<source>
		<database>roboflow.ai</database>
	</source>
	<size>
		<width>300</width>
		<height>300</height>
		<depth>3</depth>
	</size>
	<segmented>0</segmented>
	<object>
		<name>MH06AW8929</name>
		<pose>Unspecified</pose>
		<truncated>0</truncated>
		<difficult>0</difficult>
		<occluded>0</occluded>
		<bndbox>
			<xmin>99</xmin>
			<xmax>187</xmax>
			<ymin>186</ymin>
			<ymax>217</ymax>
		</bndbox>
	</object>
</annotation>
