<annotation>
	<folder></folder>
	<filename>18d2b870-7817-46da-a59a-6406c1b472c9___1033_png.rf.e7552815bfb2e6381f59219f8af18335.jpg</filename>
	<path>18d2b870-7817-46da-a59a-6406c1b472c9___1033_png.rf.e7552815bfb2e6381f59219f8af18335.jpg</path>
	<source>
		<database>roboflow.ai</database>
	</source>
	<size>
		<width>300</width>
		<height>300</height>
		<depth>3</depth>
	</size>
	<segmented>0</segmented>
	<object>
		<name>KA51MJ8156</name>
		<pose>Unspecified</pose>
		<truncated>0</truncated>
		<difficult>0</difficult>
		<occluded>0</occluded>
		<bndbox>
			<xmin>82</xmin>
			<xmax>184</xmax>
			<ymin>197</ymin>
			<ymax>225</ymax>
		</bndbox>
	</object>
</annotation>
