<annotation>
	<folder></folder>
	<filename>1f0a7fe8-ac9b-4b54-9d55-e11f34f9f98b___9f6521b2ddb7b8e40ffd510966ffcca3-jpg_jpeg.rf.aa7ea5b50c8291675289fb8392e8d2e4.jpg</filename>
	<path>1f0a7fe8-ac9b-4b54-9d55-e11f34f9f98b___9f6521b2ddb7b8e40ffd510966ffcca3-jpg_jpeg.rf.aa7ea5b50c8291675289fb8392e8d2e4.jpg</path>
	<source>
		<database>roboflow.ai</database>
	</source>
	<size>
		<width>300</width>
		<height>300</height>
		<depth>3</depth>
	</size>
	<segmented>0</segmented>
	<object>
		<name>KA42TC131011</name>
		<pose>Unspecified</pose>
		<truncated>0</truncated>
		<difficult>0</difficult>
		<occluded>0</occluded>
		<bndbox>
			<xmin>204</xmin>
			<xmax>245</xmax>
			<ymin>112</ymin>
			<ymax>149</ymax>
		</bndbox>
	</object>
</annotation>
