<annotation>
	<folder></folder>
	<filename>2302b12c-3d74-4d6c-b376-ba8ab308a8c3___big_215451_1320738450-jpg_jpeg.rf.af9b8ae9cecf1d6832a3ecb4c3515718.jpg</filename>
	<path>2302b12c-3d74-4d6c-b376-ba8ab308a8c3___big_215451_1320738450-jpg_jpeg.rf.af9b8ae9cecf1d6832a3ecb4c3515718.jpg</path>
	<source>
		<database>roboflow.ai</database>
	</source>
	<size>
		<width>300</width>
		<height>300</height>
		<depth>3</depth>
	</size>
	<segmented>0</segmented>
	<object>
		<name>MH20BY4465</name>
		<pose>Unspecified</pose>
		<truncated>0</truncated>
		<difficult>0</difficult>
		<occluded>0</occluded>
		<bndbox>
			<xmin>111</xmin>
			<xmax>177</xmax>
			<ymin>200</ymin>
			<ymax>238</ymax>
		</bndbox>
	</object>
</annotation>
