<annotation>
	<folder></folder>
	<filename>23d775eb-842f-4f57-ad7a-affafa21660a___215453-new-2016-maruti-ertiga-granite-grey-zdi-shvs-highway-champion-img_8168-jpg_jpeg.rf.4c7ccc3f0b776df9f74fad7a9e07fbd1.jpg</filename>
	<path>23d775eb-842f-4f57-ad7a-affafa21660a___215453-new-2016-maruti-ertiga-granite-grey-zdi-shvs-highway-champion-img_8168-jpg_jpeg.rf.4c7ccc3f0b776df9f74fad7a9e07fbd1.jpg</path>
	<source>
		<database>roboflow.ai</database>
	</source>
	<size>
		<width>300</width>
		<height>300</height>
		<depth>3</depth>
	</size>
	<segmented>0</segmented>
	<object>
		<name>TN37CR4019</name>
		<pose>Unspecified</pose>
		<truncated>0</truncated>
		<difficult>0</difficult>
		<occluded>0</occluded>
		<bndbox>
			<xmin>55</xmin>
			<xmax>164</xmax>
			<ymin>147</ymin>
			<ymax>201</ymax>
		</bndbox>
	</object>
</annotation>
