<annotation>
	<folder></folder>
	<filename>2430703d-0fb3-4eb2-9765-4f9301f232cd___3e7fd381-0ae5-4421-8a70-279ee0ec1c61_Terrano-Duster-Rear-Comparison-Copy_jpg.rf.43bc30b9d4a9b019e91b96d4a70d3365.jpg</filename>
	<path>2430703d-0fb3-4eb2-9765-4f9301f232cd___3e7fd381-0ae5-4421-8a70-279ee0ec1c61_Terrano-Duster-Rear-Comparison-Copy_jpg.rf.43bc30b9d4a9b019e91b96d4a70d3365.jpg</path>
	<source>
		<database>roboflow.ai</database>
	</source>
	<size>
		<width>300</width>
		<height>300</height>
		<depth>3</depth>
	</size>
	<segmented>0</segmented>
	<object>
		<name>TN19H3322</name>
		<pose>Unspecified</pose>
		<truncated>0</truncated>
		<difficult>0</difficult>
		<occluded>0</occluded>
		<bndbox>
			<xmin>133</xmin>
			<xmax>204</xmax>
			<ymin>140</ymin>
			<ymax>168</ymax>
		</bndbox>
	</object>
</annotation>
