<annotation>
	<folder></folder>
	<filename>254b647f-4cb3-46c3-a206-4e70041f4c78___speedex-number-plates-nandanam-chennai-car-number-plate-dealers-33nu2i6-jpg_jpeg.rf.d80063a890cc485009bda311c8384814.jpg</filename>
	<path>254b647f-4cb3-46c3-a206-4e70041f4c78___speedex-number-plates-nandanam-chennai-car-number-plate-dealers-33nu2i6-jpg_jpeg.rf.d80063a890cc485009bda311c8384814.jpg</path>
	<source>
		<database>roboflow.ai</database>
	</source>
	<size>
		<width>300</width>
		<height>300</height>
		<depth>3</depth>
	</size>
	<segmented>0</segmented>
	<object>
		<name>TN45BA1065</name>
		<pose>Unspecified</pose>
		<truncated>0</truncated>
		<difficult>0</difficult>
		<occluded>0</occluded>
		<bndbox>
			<xmin>102</xmin>
			<xmax>188</xmax>
			<ymin>96</ymin>
			<ymax>124</ymax>
		</bndbox>
	</object>
</annotation>
