<annotation>
	<folder></folder>
	<filename>266d82c7-1b64-44cd-b77c-c08d98175390___3e7fd381-0ae5-4421-8a70-279ee0ec1c61_5c752daa8d168dec865fe0462bf2c0bb_large_jpg.rf.7098be97dd78d0d1f98acdab59c84d39.jpg</filename>
	<path>266d82c7-1b64-44cd-b77c-c08d98175390___3e7fd381-0ae5-4421-8a70-279ee0ec1c61_5c752daa8d168dec865fe0462bf2c0bb_large_jpg.rf.7098be97dd78d0d1f98acdab59c84d39.jpg</path>
	<source>
		<database>roboflow.ai</database>
	</source>
	<size>
		<width>300</width>
		<height>300</height>
		<depth>3</depth>
	</size>
	<segmented>0</segmented>
	<object>
		<name>MH21V9926</name>
		<pose>Unspecified</pose>
		<truncated>0</truncated>
		<difficult>0</difficult>
		<occluded>0</occluded>
		<bndbox>
			<xmin>105</xmin>
			<xmax>182</xmax>
			<ymin>231</ymin>
			<ymax>248</ymax>
		</bndbox>
	</object>
</annotation>
