<annotation>
	<folder></folder>
	<filename>26cfb3dd-3731-4fd0-a6c2-c44e3ce7498a___used_cars_in_keralaused_bikes_in_keralaautomotive_news7-jpg_jpeg.rf.a9124697fbe6ca662553f586d1b31b83.jpg</filename>
	<path>26cfb3dd-3731-4fd0-a6c2-c44e3ce7498a___used_cars_in_keralaused_bikes_in_keralaautomotive_news7-jpg_jpeg.rf.a9124697fbe6ca662553f586d1b31b83.jpg</path>
	<source>
		<database>roboflow.ai</database>
	</source>
	<size>
		<width>300</width>
		<height>300</height>
		<depth>3</depth>
	</size>
	<segmented>0</segmented>
	<object>
		<name>KL20K7561</name>
		<pose>Unspecified</pose>
		<truncated>0</truncated>
		<difficult>0</difficult>
		<occluded>0</occluded>
		<bndbox>
			<xmin>94</xmin>
			<xmax>184</xmax>
			<ymin>163</ymin>
			<ymax>193</ymax>
		</bndbox>
	</object>
</annotation>
