<annotation>
	<folder></folder>
	<filename>26d2b905-4055-41fe-a933-47db0e8a0a7f___37cba8c3f681f0cb5694f16a4c54aa7b-jpg_jpeg.rf.0ddaf1692beff4dbf94bf4c64efaa4cf.jpg</filename>
	<path>26d2b905-4055-41fe-a933-47db0e8a0a7f___37cba8c3f681f0cb5694f16a4c54aa7b-jpg_jpeg.rf.0ddaf1692beff4dbf94bf4c64efaa4cf.jpg</path>
	<source>
		<database>roboflow.ai</database>
	</source>
	<size>
		<width>300</width>
		<height>300</height>
		<depth>3</depth>
	</size>
	<segmented>0</segmented>
	<object>
		<name>HR26CF5868</name>
		<pose>Unspecified</pose>
		<truncated>0</truncated>
		<difficult>0</difficult>
		<occluded>0</occluded>
		<bndbox>
			<xmin>25</xmin>
			<xmax>62</xmax>
			<ymin>184</ymin>
			<ymax>231</ymax>
		</bndbox>
	</object>
</annotation>
