<annotation>
	<folder></folder>
	<filename>27a88c24-0bf2-48b0-98a8-fa396e951045___3e7fd381-0ae5-4421-8a70-279ee0ec1c61_7T4G0491-e1376988169395-1024x577_jpg.rf.88680ba5234efbaa555c568200f43557.jpg</filename>
	<path>27a88c24-0bf2-48b0-98a8-fa396e951045___3e7fd381-0ae5-4421-8a70-279ee0ec1c61_7T4G0491-e1376988169395-1024x577_jpg.rf.88680ba5234efbaa555c568200f43557.jpg</path>
	<source>
		<database>roboflow.ai</database>
	</source>
	<size>
		<width>300</width>
		<height>300</height>
		<depth>3</depth>
	</size>
	<segmented>0</segmented>
	<object>
		<name>TN21TC611</name>
		<pose>Unspecified</pose>
		<truncated>0</truncated>
		<difficult>0</difficult>
		<occluded>0</occluded>
		<bndbox>
			<xmin>174</xmin>
			<xmax>204</xmax>
			<ymin>153</ymin>
			<ymax>178</ymax>
		</bndbox>
	</object>
</annotation>
