<annotation>
	<folder></folder>
	<filename>28574c06-ac11-422e-864f-a51b726bb9ba___3e7fd381-0ae5-4421-8a70-279ee0ec1c61_hqdefault0_jpg.rf.77ba7835adcfc4e7f87659c6d88f8c0e.jpg</filename>
	<path>28574c06-ac11-422e-864f-a51b726bb9ba___3e7fd381-0ae5-4421-8a70-279ee0ec1c61_hqdefault0_jpg.rf.77ba7835adcfc4e7f87659c6d88f8c0e.jpg</path>
	<source>
		<database>roboflow.ai</database>
	</source>
	<size>
		<width>300</width>
		<height>300</height>
		<depth>3</depth>
	</size>
	<segmented>0</segmented>
	<object>
		<name>RJ27TC0530</name>
		<pose>Unspecified</pose>
		<truncated>0</truncated>
		<difficult>0</difficult>
		<occluded>0</occluded>
		<bndbox>
			<xmin>77</xmin>
			<xmax>132</xmax>
			<ymin>171</ymin>
			<ymax>191</ymax>
		</bndbox>
	</object>
</annotation>
