<annotation>
	<folder></folder>
	<filename>2adfb5e7-e70a-4749-b5fa-8c233c0d47d9___new_1572920d1478091901-your-favourite-number-plate-font-jetta-german-font-jpg_jpeg.rf.fd3ce723619dc88155989a04dcef1005.jpg</filename>
	<path>2adfb5e7-e70a-4749-b5fa-8c233c0d47d9___new_1572920d1478091901-your-favourite-number-plate-font-jetta-german-font-jpg_jpeg.rf.fd3ce723619dc88155989a04dcef1005.jpg</path>
	<source>
		<database>roboflow.ai</database>
	</source>
	<size>
		<width>300</width>
		<height>300</height>
		<depth>3</depth>
	</size>
	<segmented>0</segmented>
	<object>
		<name>MH14EU3498</name>
		<pose>Unspecified</pose>
		<truncated>0</truncated>
		<difficult>0</difficult>
		<occluded>0</occluded>
		<bndbox>
			<xmin>94</xmin>
			<xmax>224</xmax>
			<ymin>110</ymin>
			<ymax>176</ymax>
		</bndbox>
	</object>
</annotation>
