<annotation>
	<folder></folder>
	<filename>2c9306ab-3454-4ca0-89fd-db3f51dabcef___3e7fd381-0ae5-4421-8a70-279ee0ec1c61_Nissan-Terrano-front-three-quarters-on-plain-ground_jpg.rf.c24313c0ec063b7c1e87419dc6fe623a.jpg</filename>
	<path>2c9306ab-3454-4ca0-89fd-db3f51dabcef___3e7fd381-0ae5-4421-8a70-279ee0ec1c61_Nissan-Terrano-front-three-quarters-on-plain-ground_jpg.rf.c24313c0ec063b7c1e87419dc6fe623a.jpg</path>
	<source>
		<database>roboflow.ai</database>
	</source>
	<size>
		<width>300</width>
		<height>300</height>
		<depth>3</depth>
	</size>
	<segmented>0</segmented>
	<object>
		<name>RJ27TC0530</name>
		<pose>Unspecified</pose>
		<truncated>0</truncated>
		<difficult>0</difficult>
		<occluded>0</occluded>
		<bndbox>
			<xmin>34</xmin>
			<xmax>83</xmax>
			<ymin>182</ymin>
			<ymax>217</ymax>
		</bndbox>
	</object>
</annotation>
