<annotation>
	<folder></folder>
	<filename>2e23964b-ce59-4bcf-8c35-98f3a096a748___design-ind-number-plates-vijayanagar-bangalore-number-plate-dealers-2etqybj-jpg_jpeg.rf.b9c8e9ba48ee90367793e28e062e975c.jpg</filename>
	<path>2e23964b-ce59-4bcf-8c35-98f3a096a748___design-ind-number-plates-vijayanagar-bangalore-number-plate-dealers-2etqybj-jpg_jpeg.rf.b9c8e9ba48ee90367793e28e062e975c.jpg</path>
	<source>
		<database>roboflow.ai</database>
	</source>
	<size>
		<width>300</width>
		<height>300</height>
		<depth>3</depth>
	</size>
	<segmented>0</segmented>
	<object>
		<name>KA05HS4495</name>
		<pose>Unspecified</pose>
		<truncated>0</truncated>
		<difficult>0</difficult>
		<occluded>0</occluded>
		<bndbox>
			<xmin>1</xmin>
			<xmax>281</xmax>
			<ymin>25</ymin>
			<ymax>214</ymax>
		</bndbox>
	</object>
</annotation>
