<annotation>
	<folder></folder>
	<filename>2fbe224b-e775-4c74-b975-fd66d2397ef6___3e7fd381-0ae5-4421-8a70-279ee0ec1c61_Nissan-Terrano_jpg.rf.42805ff68a08f15ab8e5239d65c73fd5.jpg</filename>
	<path>2fbe224b-e775-4c74-b975-fd66d2397ef6___3e7fd381-0ae5-4421-8a70-279ee0ec1c61_Nissan-Terrano_jpg.rf.42805ff68a08f15ab8e5239d65c73fd5.jpg</path>
	<source>
		<database>roboflow.ai</database>
	</source>
	<size>
		<width>300</width>
		<height>300</height>
		<depth>3</depth>
	</size>
	<segmented>0</segmented>
	<object>
		<name>RJ27TC0530</name>
		<pose>Unspecified</pose>
		<truncated>0</truncated>
		<difficult>0</difficult>
		<occluded>0</occluded>
		<bndbox>
			<xmin>209</xmin>
			<xmax>228</xmax>
			<ymin>152</ymin>
			<ymax>165</ymax>
		</bndbox>
	</object>
</annotation>
