<annotation>
	<folder></folder>
	<filename>304b14b8-dc3c-41cb-94b6-635864e2e964___number-plate-protector-car-safeplate-250x250-jpg_jpeg.rf.7184b5354203dacc3e5e21737d9748a7.jpg</filename>
	<path>304b14b8-dc3c-41cb-94b6-635864e2e964___number-plate-protector-car-safeplate-250x250-jpg_jpeg.rf.7184b5354203dacc3e5e21737d9748a7.jpg</path>
	<source>
		<database>roboflow.ai</database>
	</source>
	<size>
		<width>300</width>
		<height>300</height>
		<depth>3</depth>
	</size>
	<segmented>0</segmented>
	<object>
		<name>GJ07BR1336</name>
		<pose>Unspecified</pose>
		<truncated>0</truncated>
		<difficult>0</difficult>
		<occluded>0</occluded>
		<bndbox>
			<xmin>12</xmin>
			<xmax>293</xmax>
			<ymin>104</ymin>
			<ymax>211</ymax>
		</bndbox>
	</object>
</annotation>
