<annotation>
	<folder></folder>
	<filename>31847e78-6696-4dc2-be08-cb37d512c576___2010_Maruti_WagonR_Review-jpg_jpeg.rf.12fbd98abbb0f05a309d1901f43bcee8.jpg</filename>
	<path>31847e78-6696-4dc2-be08-cb37d512c576___2010_Maruti_WagonR_Review-jpg_jpeg.rf.12fbd98abbb0f05a309d1901f43bcee8.jpg</path>
	<source>
		<database>roboflow.ai</database>
	</source>
	<size>
		<width>300</width>
		<height>300</height>
		<depth>3</depth>
	</size>
	<segmented>0</segmented>
	<object>
		<name>MH06AW8929</name>
		<pose>Unspecified</pose>
		<truncated>0</truncated>
		<difficult>0</difficult>
		<occluded>0</occluded>
		<bndbox>
			<xmin>18</xmin>
			<xmax>97</xmax>
			<ymin>195</ymin>
			<ymax>239</ymax>
		</bndbox>
	</object>
</annotation>
