<annotation>
	<folder></folder>
	<filename>347c849b-6cfa-4edb-af1f-b29bdad25c4d___new_New-Volkswagen-Polo-jpg_jpeg.rf.3b839247f6786c351838be3e5a2554be.jpg</filename>
	<path>347c849b-6cfa-4edb-af1f-b29bdad25c4d___new_New-Volkswagen-Polo-jpg_jpeg.rf.3b839247f6786c351838be3e5a2554be.jpg</path>
	<source>
		<database>roboflow.ai</database>
	</source>
	<size>
		<width>300</width>
		<height>300</height>
		<depth>3</depth>
	</size>
	<segmented>0</segmented>
	<object>
		<name>W0BNP300</name>
		<pose>Unspecified</pose>
		<truncated>0</truncated>
		<difficult>0</difficult>
		<occluded>0</occluded>
		<bndbox>
			<xmin>24</xmin>
			<xmax>164</xmax>
			<ymin>160</ymin>
			<ymax>198</ymax>
		</bndbox>
	</object>
</annotation>
