<annotation>
	<folder></folder>
	<filename>3515f71d-cdd6-4050-ae68-7b7afd4c0a11___8_jpeg.rf.e8ffeacfe3959c58072c43bce77a2066.jpg</filename>
	<path>3515f71d-cdd6-4050-ae68-7b7afd4c0a11___8_jpeg.rf.e8ffeacfe3959c58072c43bce77a2066.jpg</path>
	<source>
		<database>roboflow.ai</database>
	</source>
	<size>
		<width>300</width>
		<height>300</height>
		<depth>3</depth>
	</size>
	<segmented>0</segmented>
	<object>
		<name>KL06H5834</name>
		<pose>Unspecified</pose>
		<truncated>0</truncated>
		<difficult>0</difficult>
		<occluded>0</occluded>
		<bndbox>
			<xmin>54</xmin>
			<xmax>224</xmax>
			<ymin>133</ymin>
			<ymax>209</ymax>
		</bndbox>
	</object>
</annotation>
