<annotation>
	<folder></folder>
	<filename>351a22eb-bf0a-44d6-8b6d-5ffca753c261___bike-number-plate-500x500-jpg_jpeg.rf.a6b1057f8878c907b0cd053c30cb2de6.jpg</filename>
	<path>351a22eb-bf0a-44d6-8b6d-5ffca753c261___bike-number-plate-500x500-jpg_jpeg.rf.a6b1057f8878c907b0cd053c30cb2de6.jpg</path>
	<source>
		<database>roboflow.ai</database>
	</source>
	<size>
		<width>300</width>
		<height>300</height>
		<depth>3</depth>
	</size>
	<segmented>0</segmented>
	<object>
		<name>MH20EU9991</name>
		<pose>Unspecified</pose>
		<truncated>0</truncated>
		<difficult>0</difficult>
		<occluded>0</occluded>
		<bndbox>
			<xmin>67</xmin>
			<xmax>155</xmax>
			<ymin>116</ymin>
			<ymax>194</ymax>
		</bndbox>
	</object>
</annotation>
