<annotation>
	<folder></folder>
	<filename>369ccb4b-88fe-4e97-91c1-3838da2b7563___3e7fd381-0ae5-4421-8a70-279ee0ec1c61_Honda-Jazz-Number-Plates-Designs_jpg.rf.a6ab1c67d37ea3423be3527b92a62dba.jpg</filename>
	<path>369ccb4b-88fe-4e97-91c1-3838da2b7563___3e7fd381-0ae5-4421-8a70-279ee0ec1c61_Honda-Jazz-Number-Plates-Designs_jpg.rf.a6ab1c67d37ea3423be3527b92a62dba.jpg</path>
	<source>
		<database>roboflow.ai</database>
	</source>
	<size>
		<width>300</width>
		<height>300</height>
		<depth>3</depth>
	</size>
	<segmented>0</segmented>
	<object>
		<name>TN42R2697</name>
		<pose>Unspecified</pose>
		<truncated>0</truncated>
		<difficult>0</difficult>
		<occluded>0</occluded>
		<bndbox>
			<xmin>91</xmin>
			<xmax>215</xmax>
			<ymin>85</ymin>
			<ymax>167</ymax>
		</bndbox>
	</object>
</annotation>
