<annotation>
	<folder></folder>
	<filename>377b225b-e978-4e7c-8e5e-f10d8effc336___Maruti-Suzuki-Ignis-Rear-view-94486-jpg_jpeg.rf.98da2319a15d54f14eb63cf9900347ff.jpg</filename>
	<path>377b225b-e978-4e7c-8e5e-f10d8effc336___Maruti-Suzuki-Ignis-Rear-view-94486-jpg_jpeg.rf.98da2319a15d54f14eb63cf9900347ff.jpg</path>
	<source>
		<database>roboflow.ai</database>
	</source>
	<size>
		<width>300</width>
		<height>300</height>
		<depth>3</depth>
	</size>
	<segmented>0</segmented>
	<object>
		<name>HR26DA0471</name>
		<pose>Unspecified</pose>
		<truncated>0</truncated>
		<difficult>0</difficult>
		<occluded>0</occluded>
		<bndbox>
			<xmin>78</xmin>
			<xmax>158</xmax>
			<ymin>205</ymin>
			<ymax>247</ymax>
		</bndbox>
	</object>
</annotation>
