<annotation>
	<folder></folder>
	<filename>38cee3dd-dead-4ba0-b350-0f82d94836da___3e7fd381-0ae5-4421-8a70-279ee0ec1c61_big_467860_1505633598_jpg.rf.2aa9a627047014cd384d94f38837dad1.jpg</filename>
	<path>38cee3dd-dead-4ba0-b350-0f82d94836da___3e7fd381-0ae5-4421-8a70-279ee0ec1c61_big_467860_1505633598_jpg.rf.2aa9a627047014cd384d94f38837dad1.jpg</path>
	<source>
		<database>roboflow.ai</database>
	</source>
	<size>
		<width>300</width>
		<height>300</height>
		<depth>3</depth>
	</size>
	<segmented>0</segmented>
	<object>
		<name>HR26TC7303</name>
		<pose>Unspecified</pose>
		<truncated>0</truncated>
		<difficult>0</difficult>
		<occluded>0</occluded>
		<bndbox>
			<xmin>146</xmin>
			<xmax>192</xmax>
			<ymin>213</ymin>
			<ymax>228</ymax>
		</bndbox>
	</object>
</annotation>
