<annotation>
	<folder></folder>
	<filename>3c0a3772-d18d-4ff7-861c-7e50b7974edb___1393874-take-look-number-plate-imageuploadedbyteambhp1437414250-447892-jpg_jpeg.rf.deb1251bede396b75cce61fefa88db99.jpg</filename>
	<path>3c0a3772-d18d-4ff7-861c-7e50b7974edb___1393874-take-look-number-plate-imageuploadedbyteambhp1437414250-447892-jpg_jpeg.rf.deb1251bede396b75cce61fefa88db99.jpg</path>
	<source>
		<database>roboflow.ai</database>
	</source>
	<size>
		<width>300</width>
		<height>300</height>
		<depth>3</depth>
	</size>
	<segmented>0</segmented>
	<object>
		<name>GJW115A1138</name>
		<pose>Unspecified</pose>
		<truncated>0</truncated>
		<difficult>0</difficult>
		<occluded>0</occluded>
		<bndbox>
			<xmin>99</xmin>
			<xmax>216</xmax>
			<ymin>157</ymin>
			<ymax>200</ymax>
		</bndbox>
	</object>
</annotation>
