<annotation>
	<folder></folder>
	<filename>40204d5c-c847-4437-90db-3e2d05a27761___33-jpg_jpeg.rf.6b6c37bf0430577ed61ef5253c48e385.jpg</filename>
	<path>40204d5c-c847-4437-90db-3e2d05a27761___33-jpg_jpeg.rf.6b6c37bf0430577ed61ef5253c48e385.jpg</path>
	<source>
		<database>roboflow.ai</database>
	</source>
	<size>
		<width>300</width>
		<height>300</height>
		<depth>3</depth>
	</size>
	<segmented>0</segmented>
	<object>
		<name>WB07D5106</name>
		<pose>Unspecified</pose>
		<truncated>0</truncated>
		<difficult>0</difficult>
		<occluded>0</occluded>
		<bndbox>
			<xmin>57</xmin>
			<xmax>194</xmax>
			<ymin>60</ymin>
			<ymax>202</ymax>
		</bndbox>
	</object>
</annotation>
