<annotation>
	<folder></folder>
	<filename>41de2ad0-3785-488e-9f1f-75b76f446cc7___Maruti-Alto-K10-Photos-2-jpg_jpeg.rf.fe0876cb2a5cd8e59ec4e84f1762d028.jpg</filename>
	<path>41de2ad0-3785-488e-9f1f-75b76f446cc7___Maruti-Alto-K10-Photos-2-jpg_jpeg.rf.fe0876cb2a5cd8e59ec4e84f1762d028.jpg</path>
	<source>
		<database>roboflow.ai</database>
	</source>
	<size>
		<width>300</width>
		<height>300</height>
		<depth>3</depth>
	</size>
	<segmented>0</segmented>
	<object>
		<name>HR26CT4063</name>
		<pose>Unspecified</pose>
		<truncated>0</truncated>
		<difficult>0</difficult>
		<occluded>0</occluded>
		<bndbox>
			<xmin>87</xmin>
			<xmax>203</xmax>
			<ymin>220</ymin>
			<ymax>255</ymax>
		</bndbox>
	</object>
</annotation>
