<annotation>
	<folder></folder>
	<filename>422aaf6f-dd4a-450f-ac6b-65966ab512d0___1431956d1446017445-number-plates-merchandise-canvas-ink-gurgaon-edit-closed-thumb_img_4418_1024-jpg_jpeg.rf.3d3d8fe1edbe4d035db9c89d50ce3d51.jpg</filename>
	<path>422aaf6f-dd4a-450f-ac6b-65966ab512d0___1431956d1446017445-number-plates-merchandise-canvas-ink-gurgaon-edit-closed-thumb_img_4418_1024-jpg_jpeg.rf.3d3d8fe1edbe4d035db9c89d50ce3d51.jpg</path>
	<source>
		<database>roboflow.ai</database>
	</source>
	<size>
		<width>300</width>
		<height>300</height>
		<depth>3</depth>
	</size>
	<segmented>0</segmented>
	<object>
		<name>MH03BS7778</name>
		<pose>Unspecified</pose>
		<truncated>0</truncated>
		<difficult>0</difficult>
		<occluded>0</occluded>
		<bndbox>
			<xmin>117</xmin>
			<xmax>219</xmax>
			<ymin>124</ymin>
			<ymax>145</ymax>
		</bndbox>
	</object>
</annotation>
