<annotation>
	<folder></folder>
	<filename>4434b404-dd10-4150-b226-b76b6ef95e43___new_224489195_8_1000x700_skoda-superb-2010-jpg_jpeg.rf.6d4ac433b154681154a5429a29bdafb9.jpg</filename>
	<path>4434b404-dd10-4150-b226-b76b6ef95e43___new_224489195_8_1000x700_skoda-superb-2010-jpg_jpeg.rf.6d4ac433b154681154a5429a29bdafb9.jpg</path>
	<source>
		<database>roboflow.ai</database>
	</source>
	<size>
		<width>300</width>
		<height>300</height>
		<depth>3</depth>
	</size>
	<segmented>0</segmented>
	<object>
		<name>KL01AX8000</name>
		<pose>Unspecified</pose>
		<truncated>0</truncated>
		<difficult>0</difficult>
		<occluded>0</occluded>
		<bndbox>
			<xmin>106</xmin>
			<xmax>232</xmax>
			<ymin>191</ymin>
			<ymax>253</ymax>
		</bndbox>
	</object>
</annotation>
