<annotation>
	<folder></folder>
	<filename>49bdf0d9-4e64-41eb-9c19-eabdc4afb051___Maruti-Suzuki-Ciaz-Photos-30-JPG_jpeg.rf.289eccaad048faeee5dfeaf7704ef119.jpg</filename>
	<path>49bdf0d9-4e64-41eb-9c19-eabdc4afb051___Maruti-Suzuki-Ciaz-Photos-30-JPG_jpeg.rf.289eccaad048faeee5dfeaf7704ef119.jpg</path>
	<source>
		<database>roboflow.ai</database>
	</source>
	<size>
		<width>300</width>
		<height>300</height>
		<depth>3</depth>
	</size>
	<segmented>0</segmented>
	<object>
		<name>HR26CH3604</name>
		<pose>Unspecified</pose>
		<truncated>0</truncated>
		<difficult>0</difficult>
		<occluded>0</occluded>
		<bndbox>
			<xmin>100</xmin>
			<xmax>178</xmax>
			<ymin>120</ymin>
			<ymax>158</ymax>
		</bndbox>
	</object>
</annotation>
