<annotation>
	<folder></folder>
	<filename>4b669e6d-4eec-4f46-b502-f64ee0175947___new_1_jpg.rf.617d824ad0e5934b974c032bc800ffa1.jpg</filename>
	<path>4b669e6d-4eec-4f46-b502-f64ee0175947___new_1_jpg.rf.617d824ad0e5934b974c032bc800ffa1.jpg</path>
	<source>
		<database>roboflow.ai</database>
	</source>
	<size>
		<width>300</width>
		<height>300</height>
		<depth>3</depth>
	</size>
	<segmented>0</segmented>
	<object>
		<name>MH14TC206AN</name>
		<pose>Unspecified</pose>
		<truncated>0</truncated>
		<difficult>0</difficult>
		<occluded>0</occluded>
		<bndbox>
			<xmin>84</xmin>
			<xmax>263</xmax>
			<ymin>57</ymin>
			<ymax>171</ymax>
		</bndbox>
	</object>
</annotation>
