<annotation>
	<folder></folder>
	<filename>4be1ff39-b2ad-45e0-9c9a-0e7215cbb5b6___2-jpg_jpeg.rf.be1b4d8371903630b326e9832e2dde57.jpg</filename>
	<path>4be1ff39-b2ad-45e0-9c9a-0e7215cbb5b6___2-jpg_jpeg.rf.be1b4d8371903630b326e9832e2dde57.jpg</path>
	<source>
		<database>roboflow.ai</database>
	</source>
	<size>
		<width>300</width>
		<height>300</height>
		<depth>3</depth>
	</size>
	<segmented>0</segmented>
	<object>
		<name>MH12DE1433</name>
		<pose>Unspecified</pose>
		<truncated>0</truncated>
		<difficult>0</difficult>
		<occluded>0</occluded>
		<bndbox>
			<xmin>1</xmin>
			<xmax>300</xmax>
			<ymin>108</ymin>
			<ymax>213</ymax>
		</bndbox>
	</object>
</annotation>
