<annotation>
	<folder></folder>
	<filename>4eb236a3-6547-4103-b46f-3756d21128a9___06-Sanjay-Dutt-jpg_jpeg.rf.8027ddde7737ac30c10d8946a9086e60.jpg</filename>
	<path>4eb236a3-6547-4103-b46f-3756d21128a9___06-Sanjay-Dutt-jpg_jpeg.rf.8027ddde7737ac30c10d8946a9086e60.jpg</path>
	<source>
		<database>roboflow.ai</database>
	</source>
	<size>
		<width>300</width>
		<height>300</height>
		<depth>3</depth>
	</size>
	<segmented>0</segmented>
	<object>
		<name>MH02CB4545</name>
		<pose>Unspecified</pose>
		<truncated>0</truncated>
		<difficult>0</difficult>
		<occluded>0</occluded>
		<bndbox>
			<xmin>52</xmin>
			<xmax>156</xmax>
			<ymin>259</ymin>
			<ymax>300</ymax>
		</bndbox>
	</object>
</annotation>
