<annotation>
	<folder></folder>
	<filename>4ed4509a-18ed-44cd-bfe3-b1cce982e365___3e7fd381-0ae5-4421-8a70-279ee0ec1c61_Nissan-Terrano-3_jpg.rf.d8c18da8a7f65d313fc179bd559249d5.jpg</filename>
	<path>4ed4509a-18ed-44cd-bfe3-b1cce982e365___3e7fd381-0ae5-4421-8a70-279ee0ec1c61_Nissan-Terrano-3_jpg.rf.d8c18da8a7f65d313fc179bd559249d5.jpg</path>
	<source>
		<database>roboflow.ai</database>
	</source>
	<size>
		<width>300</width>
		<height>300</height>
		<depth>3</depth>
	</size>
	<segmented>0</segmented>
	<object>
		<name>TN21AT0480</name>
		<pose>Unspecified</pose>
		<truncated>0</truncated>
		<difficult>0</difficult>
		<occluded>0</occluded>
		<bndbox>
			<xmin>108</xmin>
			<xmax>185</xmax>
			<ymin>162</ymin>
			<ymax>188</ymax>
		</bndbox>
	</object>
</annotation>
