<annotation>
	<folder></folder>
	<filename>504e7c29-e1dc-48c9-ace6-738cf934e368___2017-skoda-octavia-rs-12-jpg_jpeg.rf.2cd1705a0810991a4224334a466359b1.jpg</filename>
	<path>504e7c29-e1dc-48c9-ace6-738cf934e368___2017-skoda-octavia-rs-12-jpg_jpeg.rf.2cd1705a0810991a4224334a466359b1.jpg</path>
	<source>
		<database>roboflow.ai</database>
	</source>
	<size>
		<width>300</width>
		<height>300</height>
		<depth>3</depth>
	</size>
	<segmented>0</segmented>
	<object>
		<name>MH20TC640B</name>
		<pose>Unspecified</pose>
		<truncated>0</truncated>
		<difficult>0</difficult>
		<occluded>0</occluded>
		<bndbox>
			<xmin>176</xmin>
			<xmax>255</xmax>
			<ymin>205</ymin>
			<ymax>262</ymax>
		</bndbox>
	</object>
</annotation>
