<annotation>
	<folder></folder>
	<filename>52b45060-9645-47c7-882d-b69a5bf07eff___1006372d1351343820-my-new-maruti-swift-zxi-21102012241-jpg_jpeg.rf.ae7cd07ab3ccff8074a02beb1f133ddb.jpg</filename>
	<path>52b45060-9645-47c7-882d-b69a5bf07eff___1006372d1351343820-my-new-maruti-swift-zxi-21102012241-jpg_jpeg.rf.ae7cd07ab3ccff8074a02beb1f133ddb.jpg</path>
	<source>
		<database>roboflow.ai</database>
	</source>
	<size>
		<width>300</width>
		<height>300</height>
		<depth>3</depth>
	</size>
	<segmented>0</segmented>
	<object>
		<name>KA031351</name>
		<pose>Unspecified</pose>
		<truncated>0</truncated>
		<difficult>0</difficult>
		<occluded>0</occluded>
		<bndbox>
			<xmin>132</xmin>
			<xmax>207</xmax>
			<ymin>202</ymin>
			<ymax>226</ymax>
		</bndbox>
	</object>
</annotation>
