<annotation>
	<folder></folder>
	<filename>55aa4ee8-13fd-45bd-b83b-651ac665d71a___200560387_4_1000x700_2012-toyota-innova-diesel-130000-kms-cars-jpg_jpeg.rf.08a95c34f7595f2df78c4bb1ce9116f4.jpg</filename>
	<path>55aa4ee8-13fd-45bd-b83b-651ac665d71a___200560387_4_1000x700_2012-toyota-innova-diesel-130000-kms-cars-jpg_jpeg.rf.08a95c34f7595f2df78c4bb1ce9116f4.jpg</path>
	<source>
		<database>roboflow.ai</database>
	</source>
	<size>
		<width>300</width>
		<height>300</height>
		<depth>3</depth>
	</size>
	<segmented>0</segmented>
	<object>
		<name>KL16J3636</name>
		<pose>Unspecified</pose>
		<truncated>0</truncated>
		<difficult>0</difficult>
		<occluded>0</occluded>
		<bndbox>
			<xmin>91</xmin>
			<xmax>188</xmax>
			<ymin>158</ymin>
			<ymax>184</ymax>
		</bndbox>
	</object>
</annotation>
