<annotation>
	<folder></folder>
	<filename>56b46df3-223c-42c8-a6bf-e95e5bac29cc___9214a754343030395508e104d7948167_large-jpg_jpeg.rf.73fd0837a968a81216ea68fb31504209.jpg</filename>
	<path>56b46df3-223c-42c8-a6bf-e95e5bac29cc___9214a754343030395508e104d7948167_large-jpg_jpeg.rf.73fd0837a968a81216ea68fb31504209.jpg</path>
	<source>
		<database>roboflow.ai</database>
	</source>
	<size>
		<width>300</width>
		<height>300</height>
		<depth>3</depth>
	</size>
	<segmented>0</segmented>
	<object>
		<name>PB08CX2959</name>
		<pose>Unspecified</pose>
		<truncated>0</truncated>
		<difficult>0</difficult>
		<occluded>0</occluded>
		<bndbox>
			<xmin>73</xmin>
			<xmax>198</xmax>
			<ymin>234</ymin>
			<ymax>261</ymax>
		</bndbox>
	</object>
</annotation>
