<annotation>
	<folder></folder>
	<filename>581e2224-3640-4bad-9d90-c2076a9f64f4___617609-jpg_jpeg.rf.786cb9614b68b6ae4ad064db6c91b8c2.jpg</filename>
	<path>581e2224-3640-4bad-9d90-c2076a9f64f4___617609-jpg_jpeg.rf.786cb9614b68b6ae4ad064db6c91b8c2.jpg</path>
	<source>
		<database>roboflow.ai</database>
	</source>
	<size>
		<width>300</width>
		<height>300</height>
		<depth>3</depth>
	</size>
	<segmented>0</segmented>
	<object>
		<name>KA03MX5058</name>
		<pose>Unspecified</pose>
		<truncated>0</truncated>
		<difficult>0</difficult>
		<occluded>0</occluded>
		<bndbox>
			<xmin>113</xmin>
			<xmax>190</xmax>
			<ymin>177</ymin>
			<ymax>202</ymax>
		</bndbox>
	</object>
</annotation>
