<annotation>
	<folder></folder>
	<filename>59a29a85-30f5-469e-a6c2-e1af171f151c___3e7fd381-0ae5-4421-8a70-279ee0ec1c61_10187746494_417a40a489-Copy_jpg.rf.2e54eac093a146f786af4aff81750693.jpg</filename>
	<path>59a29a85-30f5-469e-a6c2-e1af171f151c___3e7fd381-0ae5-4421-8a70-279ee0ec1c61_10187746494_417a40a489-Copy_jpg.rf.2e54eac093a146f786af4aff81750693.jpg</path>
	<source>
		<database>roboflow.ai</database>
	</source>
	<size>
		<width>300</width>
		<height>300</height>
		<depth>3</depth>
	</size>
	<segmented>0</segmented>
	<object>
		<name>TN21AU7234</name>
		<pose>Unspecified</pose>
		<truncated>0</truncated>
		<difficult>0</difficult>
		<occluded>0</occluded>
		<bndbox>
			<xmin>123</xmin>
			<xmax>198</xmax>
			<ymin>164</ymin>
			<ymax>179</ymax>
		</bndbox>
	</object>
</annotation>
