<annotation>
	<folder></folder>
	<filename>59a40238-6b01-4bb9-9faf-3b595e67bcb3___3d-font-number-plate-500x500-jpg_jpeg.rf.90d30380396dc69d7d551f44cc17a15e.jpg</filename>
	<path>59a40238-6b01-4bb9-9faf-3b595e67bcb3___3d-font-number-plate-500x500-jpg_jpeg.rf.90d30380396dc69d7d551f44cc17a15e.jpg</path>
	<source>
		<database>roboflow.ai</database>
	</source>
	<size>
		<width>300</width>
		<height>300</height>
		<depth>3</depth>
	</size>
	<segmented>0</segmented>
	<object>
		<name>MH13BN4348</name>
		<pose>Unspecified</pose>
		<truncated>0</truncated>
		<difficult>0</difficult>
		<occluded>0</occluded>
		<bndbox>
			<xmin>117</xmin>
			<xmax>195</xmax>
			<ymin>243</ymin>
			<ymax>268</ymax>
		</bndbox>
	</object>
</annotation>
