<annotation>
	<folder></folder>
	<filename>5ac9f7b9-f7cc-4161-bbd1-7f377bb890bf___3e7fd381-0ae5-4421-8a70-279ee0ec1c61_Nissan-Terrano-John-Abraham_jpg.rf.4c62e5d97cc6b8d3dbc0fc8690f99bde.jpg</filename>
	<path>5ac9f7b9-f7cc-4161-bbd1-7f377bb890bf___3e7fd381-0ae5-4421-8a70-279ee0ec1c61_Nissan-Terrano-John-Abraham_jpg.rf.4c62e5d97cc6b8d3dbc0fc8690f99bde.jpg</path>
	<source>
		<database>roboflow.ai</database>
	</source>
	<size>
		<width>300</width>
		<height>300</height>
		<depth>3</depth>
	</size>
	<segmented>0</segmented>
	<object>
		<name>MH03CB6467</name>
		<pose>Unspecified</pose>
		<truncated>0</truncated>
		<difficult>0</difficult>
		<occluded>0</occluded>
		<bndbox>
			<xmin>128</xmin>
			<xmax>204</xmax>
			<ymin>235</ymin>
			<ymax>260</ymax>
		</bndbox>
	</object>
</annotation>
