<annotation>
	<folder></folder>
	<filename>5b49ae32-c799-45e3-b139-9c56acf6370d___2014-Volkswagen-Polo-Review-jpg_jpeg.rf.f8c9e11d3ee662a4c3c26f234d49ef42.jpg</filename>
	<path>5b49ae32-c799-45e3-b139-9c56acf6370d___2014-Volkswagen-Polo-Review-jpg_jpeg.rf.f8c9e11d3ee662a4c3c26f234d49ef42.jpg</path>
	<source>
		<database>roboflow.ai</database>
	</source>
	<size>
		<width>300</width>
		<height>300</height>
		<depth>3</depth>
	</size>
	<segmented>0</segmented>
	<object>
		<name>MH14EH7958</name>
		<pose>Unspecified</pose>
		<truncated>0</truncated>
		<difficult>0</difficult>
		<occluded>0</occluded>
		<bndbox>
			<xmin>118</xmin>
			<xmax>172</xmax>
			<ymin>188</ymin>
			<ymax>207</ymax>
		</bndbox>
	</object>
</annotation>
