<annotation>
	<folder></folder>
	<filename>5c85a40f-ce81-44b4-82b2-dfdac281217d___new_Skoda-Octavia-1-8-TSI-5-jpg_jpeg.rf.647a544e55d73120bd4c21f18bb1c51b.jpg</filename>
	<path>5c85a40f-ce81-44b4-82b2-dfdac281217d___new_Skoda-Octavia-1-8-TSI-5-jpg_jpeg.rf.647a544e55d73120bd4c21f18bb1c51b.jpg</path>
	<source>
		<database>roboflow.ai</database>
	</source>
	<size>
		<width>300</width>
		<height>300</height>
		<depth>3</depth>
	</size>
	<segmented>0</segmented>
	<object>
		<name>MH20CS1941</name>
		<pose>Unspecified</pose>
		<truncated>0</truncated>
		<difficult>0</difficult>
		<occluded>0</occluded>
		<bndbox>
			<xmin>108</xmin>
			<xmax>180</xmax>
			<ymin>190</ymin>
			<ymax>216</ymax>
		</bndbox>
	</object>
</annotation>
