<annotation>
	<folder></folder>
	<filename>5cbd7465-ad12-4e6b-8eaf-d7056c3852f8___New-2018-Maruti-Suzuki-Swift-radiator-grille-600x398-jpg_jpeg.rf.e611bf8fab2e82527e0c13a1ee2fd066.jpg</filename>
	<path>5cbd7465-ad12-4e6b-8eaf-d7056c3852f8___New-2018-Maruti-Suzuki-Swift-radiator-grille-600x398-jpg_jpeg.rf.e611bf8fab2e82527e0c13a1ee2fd066.jpg</path>
	<source>
		<database>roboflow.ai</database>
	</source>
	<size>
		<width>300</width>
		<height>300</height>
		<depth>3</depth>
	</size>
	<segmented>0</segmented>
	<object>
		<name>HR26DK0830</name>
		<pose>Unspecified</pose>
		<truncated>0</truncated>
		<difficult>0</difficult>
		<occluded>0</occluded>
		<bndbox>
			<xmin>171</xmin>
			<xmax>245</xmax>
			<ymin>183</ymin>
			<ymax>217</ymax>
		</bndbox>
	</object>
</annotation>
