<annotation>
	<folder></folder>
	<filename>60842fa7-0a2e-4407-b41c-933d93bdbb35___3e7fd381-0ae5-4421-8a70-279ee0ec1c61_nissan-terrano-red-rear_jpg.rf.e860c97b716ff88d5d1761ed672c6c58.jpg</filename>
	<path>60842fa7-0a2e-4407-b41c-933d93bdbb35___3e7fd381-0ae5-4421-8a70-279ee0ec1c61_nissan-terrano-red-rear_jpg.rf.e860c97b716ff88d5d1761ed672c6c58.jpg</path>
	<source>
		<database>roboflow.ai</database>
	</source>
	<size>
		<width>300</width>
		<height>300</height>
		<depth>3</depth>
	</size>
	<segmented>0</segmented>
	<object>
		<name>RJ27TC0530</name>
		<pose>Unspecified</pose>
		<truncated>0</truncated>
		<difficult>0</difficult>
		<occluded>0</occluded>
		<bndbox>
			<xmin>67</xmin>
			<xmax>108</xmax>
			<ymin>147</ymin>
			<ymax>167</ymax>
		</bndbox>
	</object>
</annotation>
