<annotation>
	<folder></folder>
	<filename>6254bb73-d8a1-4f04-89a9-92caef98e233___1658240d1500548920-close-look-2017-skoda-octavia-facelift-hands-free-parking-front-bumper-jpg_jpeg.rf.c0a439a78d434c13cf19c73ead5567b2.jpg</filename>
	<path>6254bb73-d8a1-4f04-89a9-92caef98e233___1658240d1500548920-close-look-2017-skoda-octavia-facelift-hands-free-parking-front-bumper-jpg_jpeg.rf.c0a439a78d434c13cf19c73ead5567b2.jpg</path>
	<source>
		<database>roboflow.ai</database>
	</source>
	<size>
		<width>300</width>
		<height>300</height>
		<depth>3</depth>
	</size>
	<segmented>0</segmented>
	<object>
		<name>MH20EE7597</name>
		<pose>Unspecified</pose>
		<truncated>0</truncated>
		<difficult>0</difficult>
		<occluded>0</occluded>
		<bndbox>
			<xmin>98</xmin>
			<xmax>202</xmax>
			<ymin>119</ymin>
			<ymax>157</ymax>
		</bndbox>
	</object>
</annotation>
