<annotation>
	<folder></folder>
	<filename>62b58053-425c-4924-b129-c4a6580f3562___product-500x5001_jpeg.rf.0f9c65c080c3d66f7e09ce8bf16941dc.jpg</filename>
	<path>62b58053-425c-4924-b129-c4a6580f3562___product-500x5001_jpeg.rf.0f9c65c080c3d66f7e09ce8bf16941dc.jpg</path>
	<source>
		<database>roboflow.ai</database>
	</source>
	<size>
		<width>300</width>
		<height>300</height>
		<depth>3</depth>
	</size>
	<segmented>0</segmented>
	<object>
		<name>KL01CC50</name>
		<pose>Unspecified</pose>
		<truncated>0</truncated>
		<difficult>0</difficult>
		<occluded>0</occluded>
		<bndbox>
			<xmin>139</xmin>
			<xmax>261</xmax>
			<ymin>105</ymin>
			<ymax>200</ymax>
		</bndbox>
	</object>
</annotation>
