<annotation>
	<folder></folder>
	<filename>6578ae52-8431-4854-ba24-756888891756___1496414894_2017-maruti-suzuki-ciaz-jpg_jpeg.rf.342ad3c06ae273afda516e05fe63eaec.jpg</filename>
	<path>6578ae52-8431-4854-ba24-756888891756___1496414894_2017-maruti-suzuki-ciaz-jpg_jpeg.rf.342ad3c06ae273afda516e05fe63eaec.jpg</path>
	<source>
		<database>roboflow.ai</database>
	</source>
	<size>
		<width>300</width>
		<height>300</height>
		<depth>3</depth>
	</size>
	<segmented>0</segmented>
	<object>
		<name>HR26TC7099</name>
		<pose>Unspecified</pose>
		<truncated>0</truncated>
		<difficult>0</difficult>
		<occluded>0</occluded>
		<bndbox>
			<xmin>143</xmin>
			<xmax>206</xmax>
			<ymin>114</ymin>
			<ymax>148</ymax>
		</bndbox>
	</object>
</annotation>
