<annotation>
	<folder></folder>
	<filename>65e2825e-943f-48a3-a4e2-7e81d649ace2___3e7fd381-0ae5-4421-8a70-279ee0ec1c61_nissan-terrano-L_jpg.rf.b0a3c5c1c3c467d566d5383633cb526e.jpg</filename>
	<path>65e2825e-943f-48a3-a4e2-7e81d649ace2___3e7fd381-0ae5-4421-8a70-279ee0ec1c61_nissan-terrano-L_jpg.rf.b0a3c5c1c3c467d566d5383633cb526e.jpg</path>
	<source>
		<database>roboflow.ai</database>
	</source>
	<size>
		<width>300</width>
		<height>300</height>
		<depth>3</depth>
	</size>
	<segmented>0</segmented>
	<object>
		<name>RJ27TC0530</name>
		<pose>Unspecified</pose>
		<truncated>0</truncated>
		<difficult>0</difficult>
		<occluded>0</occluded>
		<bndbox>
			<xmin>62</xmin>
			<xmax>115</xmax>
			<ymin>177</ymin>
			<ymax>204</ymax>
		</bndbox>
	</object>
</annotation>
