<annotation>
	<folder></folder>
	<filename>684f079f-6085-420c-8e4e-e1aed270fc05___Toyota-Fortuner-Number-Plates-Design-jpg_jpeg.rf.1709c3051e784a9bb91c504e7102f9ad.jpg</filename>
	<path>684f079f-6085-420c-8e4e-e1aed270fc05___Toyota-Fortuner-Number-Plates-Design-jpg_jpeg.rf.1709c3051e784a9bb91c504e7102f9ad.jpg</path>
	<source>
		<database>roboflow.ai</database>
	</source>
	<size>
		<width>300</width>
		<height>300</height>
		<depth>3</depth>
	</size>
	<segmented>0</segmented>
	<object>
		<name>KL53E964</name>
		<pose>Unspecified</pose>
		<truncated>0</truncated>
		<difficult>0</difficult>
		<occluded>0</occluded>
		<bndbox>
			<xmin>131</xmin>
			<xmax>185</xmax>
			<ymin>167</ymin>
			<ymax>196</ymax>
		</bndbox>
	</object>
</annotation>
