<annotation>
	<folder></folder>
	<filename>6bf2730d-82bf-43ac-8802-b61315d85b96___2017-Skoda-Octavia-rear-high-revealed-for-India-images-jpg_jpeg.rf.bc63fd4848e12ee1efb0d3237f2d52ad.jpg</filename>
	<path>6bf2730d-82bf-43ac-8802-b61315d85b96___2017-Skoda-Octavia-rear-high-revealed-for-India-images-jpg_jpeg.rf.bc63fd4848e12ee1efb0d3237f2d52ad.jpg</path>
	<source>
		<database>roboflow.ai</database>
	</source>
	<size>
		<width>300</width>
		<height>300</height>
		<depth>3</depth>
	</size>
	<segmented>0</segmented>
	<object>
		<name>MH20EE7598</name>
		<pose>Unspecified</pose>
		<truncated>0</truncated>
		<difficult>0</difficult>
		<occluded>0</occluded>
		<bndbox>
			<xmin>81</xmin>
			<xmax>196</xmax>
			<ymin>189</ymin>
			<ymax>222</ymax>
		</bndbox>
	</object>
</annotation>
