<annotation>
	<folder></folder>
	<filename>6d69b523-72b7-4be9-a79f-428ef8148dcd___81auoS-H8eL-_SX425_-jpg_jpeg.rf.3c139ffed34cda6676caadbe9c9441e4.jpg</filename>
	<path>6d69b523-72b7-4be9-a79f-428ef8148dcd___81auoS-H8eL-_SX425_-jpg_jpeg.rf.3c139ffed34cda6676caadbe9c9441e4.jpg</path>
	<source>
		<database>roboflow.ai</database>
	</source>
	<size>
		<width>300</width>
		<height>300</height>
		<depth>3</depth>
	</size>
	<segmented>0</segmented>
	<object>
		<name>GJ01MW7581</name>
		<pose>Unspecified</pose>
		<truncated>0</truncated>
		<difficult>0</difficult>
		<occluded>0</occluded>
		<bndbox>
			<xmin>57</xmin>
			<xmax>261</xmax>
			<ymin>7</ymin>
			<ymax>288</ymax>
		</bndbox>
	</object>
</annotation>
