<annotation>
	<folder></folder>
	<filename>6e52e238-927b-46e0-a8f1-5f77ef1ecf9f___3e7fd381-0ae5-4421-8a70-279ee0ec1c61_nissan-terrano-rear_jpg.rf.73ae93451f09b71dedd0a53f319b713b.jpg</filename>
	<path>6e52e238-927b-46e0-a8f1-5f77ef1ecf9f___3e7fd381-0ae5-4421-8a70-279ee0ec1c61_nissan-terrano-rear_jpg.rf.73ae93451f09b71dedd0a53f319b713b.jpg</path>
	<source>
		<database>roboflow.ai</database>
	</source>
	<size>
		<width>300</width>
		<height>300</height>
		<depth>3</depth>
	</size>
	<segmented>0</segmented>
	<object>
		<name>RJ27TC0530</name>
		<pose>Unspecified</pose>
		<truncated>0</truncated>
		<difficult>0</difficult>
		<occluded>0</occluded>
		<bndbox>
			<xmin>74</xmin>
			<xmax>128</xmax>
			<ymin>161</ymin>
			<ymax>182</ymax>
		</bndbox>
	</object>
</annotation>
