<annotation>
	<folder></folder>
	<filename>6e772b68-a549-44e5-950e-4c376454c4e9___1557295d1474517501-toyota-innova-crysta-official-review-20160921_173216-jpg_jpeg.rf.66b4a40d6a61af429f399438ac6f4314.jpg</filename>
	<path>6e772b68-a549-44e5-950e-4c376454c4e9___1557295d1474517501-toyota-innova-crysta-official-review-20160921_173216-jpg_jpeg.rf.66b4a40d6a61af429f399438ac6f4314.jpg</path>
	<source>
		<database>roboflow.ai</database>
	</source>
	<size>
		<width>300</width>
		<height>300</height>
		<depth>3</depth>
	</size>
	<segmented>0</segmented>
	<object>
		<name>KL01KLKL01</name>
		<pose>Unspecified</pose>
		<truncated>0</truncated>
		<difficult>0</difficult>
		<occluded>0</occluded>
		<bndbox>
			<xmin>100</xmin>
			<xmax>221</xmax>
			<ymin>144</ymin>
			<ymax>181</ymax>
		</bndbox>
	</object>
</annotation>
