<annotation>
	<folder></folder>
	<filename>6ed8b283-5cf5-4727-9969-c79f70f47e80___2-cars-same-numbers-jpg_jpeg.rf.da8823a1f0401b215b3b52203fbf1ae9.jpg</filename>
	<path>6ed8b283-5cf5-4727-9969-c79f70f47e80___2-cars-same-numbers-jpg_jpeg.rf.da8823a1f0401b215b3b52203fbf1ae9.jpg</path>
	<source>
		<database>roboflow.ai</database>
	</source>
	<size>
		<width>300</width>
		<height>300</height>
		<depth>3</depth>
	</size>
	<segmented>0</segmented>
	<object>
		<name>RJ27TA1143</name>
		<pose>Unspecified</pose>
		<truncated>0</truncated>
		<difficult>0</difficult>
		<occluded>0</occluded>
		<bndbox>
			<xmin>71</xmin>
			<xmax>158</xmax>
			<ymin>159</ymin>
			<ymax>192</ymax>
		</bndbox>
	</object>
</annotation>
