<annotation>
	<folder></folder>
	<filename>6f680368-4a15-464a-b314-7f9cd0f3db11___91852d1232463201-high-security-registration-plates-hsrp-india-num1-jpg_jpeg.rf.db0256fc31bde04dc40d054f8b617996.jpg</filename>
	<path>6f680368-4a15-464a-b314-7f9cd0f3db11___91852d1232463201-high-security-registration-plates-hsrp-india-num1-jpg_jpeg.rf.db0256fc31bde04dc40d054f8b617996.jpg</path>
	<source>
		<database>roboflow.ai</database>
	</source>
	<size>
		<width>300</width>
		<height>300</height>
		<depth>3</depth>
	</size>
	<segmented>0</segmented>
	<object>
		<name>KL01AU585</name>
		<pose>Unspecified</pose>
		<truncated>0</truncated>
		<difficult>0</difficult>
		<occluded>0</occluded>
		<bndbox>
			<xmin>141</xmin>
			<xmax>239</xmax>
			<ymin>138</ymin>
			<ymax>238</ymax>
		</bndbox>
	</object>
</annotation>
