<annotation>
	<folder></folder>
	<filename>6f78077e-a3a1-4fb9-89ba-5870d75ccdb8___Innova_Crysta_Car_Euro_number_Plates-jpg_jpeg.rf.be28f4c75d297452b609bfd1f99c8203.jpg</filename>
	<path>6f78077e-a3a1-4fb9-89ba-5870d75ccdb8___Innova_Crysta_Car_Euro_number_Plates-jpg_jpeg.rf.be28f4c75d297452b609bfd1f99c8203.jpg</path>
	<source>
		<database>roboflow.ai</database>
	</source>
	<size>
		<width>300</width>
		<height>300</height>
		<depth>3</depth>
	</size>
	<segmented>0</segmented>
	<object>
		<name>TN09CH7770</name>
		<pose>Unspecified</pose>
		<truncated>0</truncated>
		<difficult>0</difficult>
		<occluded>0</occluded>
		<bndbox>
			<xmin>100</xmin>
			<xmax>169</xmax>
			<ymin>99</ymin>
			<ymax>131</ymax>
		</bndbox>
	</object>
</annotation>
