<annotation>
	<folder></folder>
	<filename>730a2f83-cd53-4943-8922-af9d4fcad415___new_2_jpg.rf.b2ab2b0d8d71e4f1a815648484c5cf3c.jpg</filename>
	<path>730a2f83-cd53-4943-8922-af9d4fcad415___new_2_jpg.rf.b2ab2b0d8d71e4f1a815648484c5cf3c.jpg</path>
	<source>
		<database>roboflow.ai</database>
	</source>
	<size>
		<width>300</width>
		<height>300</height>
		<depth>3</depth>
	</size>
	<segmented>0</segmented>
	<object>
		<name>DL1N4268</name>
		<pose>Unspecified</pose>
		<truncated>0</truncated>
		<difficult>0</difficult>
		<occluded>0</occluded>
		<bndbox>
			<xmin>85</xmin>
			<xmax>218</xmax>
			<ymin>85</ymin>
			<ymax>238</ymax>
		</bndbox>
	</object>
</annotation>
