<annotation>
	<folder></folder>
	<filename>7616cb19-df24-4d29-b679-5252391a547f___Skoda-Laura-rear-jpg_jpeg.rf.ac42a8af7f204f96f3110798133da80d.jpg</filename>
	<path>7616cb19-df24-4d29-b679-5252391a547f___Skoda-Laura-rear-jpg_jpeg.rf.ac42a8af7f204f96f3110798133da80d.jpg</path>
	<source>
		<database>roboflow.ai</database>
	</source>
	<size>
		<width>300</width>
		<height>300</height>
		<depth>3</depth>
	</size>
	<segmented>0</segmented>
	<object>
		<name>MH01AR5274</name>
		<pose>Unspecified</pose>
		<truncated>0</truncated>
		<difficult>0</difficult>
		<occluded>0</occluded>
		<bndbox>
			<xmin>119</xmin>
			<xmax>180</xmax>
			<ymin>147</ymin>
			<ymax>167</ymax>
		</bndbox>
	</object>
</annotation>
