<annotation>
	<folder></folder>
	<filename>7c6227ed-9e92-4062-9591-b172cb32ec10___3e7fd381-0ae5-4421-8a70-279ee0ec1c61_Honda-Jazz-Front-Number-Plates-Designs_jpg.rf.6fcbdd178ba744a53724fba6ee48af71.jpg</filename>
	<path>7c6227ed-9e92-4062-9591-b172cb32ec10___3e7fd381-0ae5-4421-8a70-279ee0ec1c61_Honda-Jazz-Front-Number-Plates-Designs_jpg.rf.6fcbdd178ba744a53724fba6ee48af71.jpg</path>
	<source>
		<database>roboflow.ai</database>
	</source>
	<size>
		<width>300</width>
		<height>300</height>
		<depth>3</depth>
	</size>
	<segmented>0</segmented>
	<object>
		<name>TN42R2697</name>
		<pose>Unspecified</pose>
		<truncated>0</truncated>
		<difficult>0</difficult>
		<occluded>0</occluded>
		<bndbox>
			<xmin>28</xmin>
			<xmax>300</xmax>
			<ymin>53</ymin>
			<ymax>126</ymax>
		</bndbox>
	</object>
</annotation>
