<annotation>
	<folder></folder>
	<filename>8187c22d-5fa4-4976-9c00-80b2ab66b97d___1290890d1411349145-take-look-number-plate-img_20140903_093600_hdr-jpg_jpeg.rf.4fe46421e8b55d7801ded15f0931046f.jpg</filename>
	<path>8187c22d-5fa4-4976-9c00-80b2ab66b97d___1290890d1411349145-take-look-number-plate-img_20140903_093600_hdr-jpg_jpeg.rf.4fe46421e8b55d7801ded15f0931046f.jpg</path>
	<source>
		<database>roboflow.ai</database>
	</source>
	<size>
		<width>300</width>
		<height>300</height>
		<depth>3</depth>
	</size>
	<segmented>0</segmented>
	<object>
		<name>TS09EB1458</name>
		<pose>Unspecified</pose>
		<truncated>0</truncated>
		<difficult>0</difficult>
		<occluded>0</occluded>
		<bndbox>
			<xmin>52</xmin>
			<xmax>132</xmax>
			<ymin>136</ymin>
			<ymax>181</ymax>
		</bndbox>
	</object>
</annotation>
