<annotation>
	<folder></folder>
	<filename>84969111-2ec3-4914-b3bb-da5aaac701e7___1-jpg_jpeg.rf.581e5f1a6f9951cafcaa09ce7c63cf9e.jpg</filename>
	<path>84969111-2ec3-4914-b3bb-da5aaac701e7___1-jpg_jpeg.rf.581e5f1a6f9951cafcaa09ce7c63cf9e.jpg</path>
	<source>
		<database>roboflow.ai</database>
	</source>
	<size>
		<width>300</width>
		<height>300</height>
		<depth>3</depth>
	</size>
	<segmented>0</segmented>
	<object>
		<name>MH20TC830C</name>
		<pose>Unspecified</pose>
		<truncated>0</truncated>
		<difficult>0</difficult>
		<occluded>0</occluded>
		<bndbox>
			<xmin>29</xmin>
			<xmax>64</xmax>
			<ymin>219</ymin>
			<ymax>239</ymax>
		</bndbox>
	</object>
</annotation>
