<annotation>
	<folder></folder>
	<filename>85bd88a0-ac9a-412e-ba44-2a29d209e212___4336_1466054535_9-jpg_jpeg.rf.c380f69971d86c6d9181d2dc061736ec.jpg</filename>
	<path>85bd88a0-ac9a-412e-ba44-2a29d209e212___4336_1466054535_9-jpg_jpeg.rf.c380f69971d86c6d9181d2dc061736ec.jpg</path>
	<source>
		<database>roboflow.ai</database>
	</source>
	<size>
		<width>300</width>
		<height>300</height>
		<depth>3</depth>
	</size>
	<segmented>0</segmented>
	<object>
		<name>MH14TCE4</name>
		<pose>Unspecified</pose>
		<truncated>0</truncated>
		<difficult>0</difficult>
		<occluded>0</occluded>
		<bndbox>
			<xmin>77</xmin>
			<xmax>132</xmax>
			<ymin>131</ymin>
			<ymax>158</ymax>
		</bndbox>
	</object>
</annotation>
