<annotation>
	<folder></folder>
	<filename>868b996f-1f40-47ca-8222-b0f2750d7010___3e7fd381-0ae5-4421-8a70-279ee0ec1c61_nissan-terrano-left-side-view_jpg.rf.469cae2a105db2c307db07c9e67a2c3f.jpg</filename>
	<path>868b996f-1f40-47ca-8222-b0f2750d7010___3e7fd381-0ae5-4421-8a70-279ee0ec1c61_nissan-terrano-left-side-view_jpg.rf.469cae2a105db2c307db07c9e67a2c3f.jpg</path>
	<source>
		<database>roboflow.ai</database>
	</source>
	<size>
		<width>300</width>
		<height>300</height>
		<depth>3</depth>
	</size>
	<segmented>0</segmented>
	<object>
		<name>AS23M1264</name>
		<pose>Unspecified</pose>
		<truncated>0</truncated>
		<difficult>0</difficult>
		<occluded>0</occluded>
		<bndbox>
			<xmin>72</xmin>
			<xmax>113</xmax>
			<ymin>148</ymin>
			<ymax>169</ymax>
		</bndbox>
	</object>
</annotation>
