<annotation>
	<folder></folder>
	<filename>88294212-f11c-46a7-a91a-04c9da19efa6___DSC_8221-L-jpg_jpeg.rf.4a3e731a3687cd423f7e5d949264c1b8.jpg</filename>
	<path>88294212-f11c-46a7-a91a-04c9da19efa6___DSC_8221-L-jpg_jpeg.rf.4a3e731a3687cd423f7e5d949264c1b8.jpg</path>
	<source>
		<database>roboflow.ai</database>
	</source>
	<size>
		<width>300</width>
		<height>300</height>
		<depth>3</depth>
	</size>
	<segmented>0</segmented>
	<object>
		<name>WB74X7605</name>
		<pose>Unspecified</pose>
		<truncated>0</truncated>
		<difficult>0</difficult>
		<occluded>0</occluded>
		<bndbox>
			<xmin>106</xmin>
			<xmax>144</xmax>
			<ymin>132</ymin>
			<ymax>160</ymax>
		</bndbox>
	</object>
</annotation>
