<annotation>
	<folder></folder>
	<filename>8906af57-0d29-417d-ac46-408425527b57___VW-Vento-TDI-CNG-Spy-Pic-2-jpg_jpeg.rf.c98c270a9bc651e160d418211db642d2.jpg</filename>
	<path>8906af57-0d29-417d-ac46-408425527b57___VW-Vento-TDI-CNG-Spy-Pic-2-jpg_jpeg.rf.c98c270a9bc651e160d418211db642d2.jpg</path>
	<source>
		<database>roboflow.ai</database>
	</source>
	<size>
		<width>300</width>
		<height>300</height>
		<depth>3</depth>
	</size>
	<segmented>0</segmented>
	<object>
		<name>MH14TCF300</name>
		<pose>Unspecified</pose>
		<truncated>0</truncated>
		<difficult>0</difficult>
		<occluded>0</occluded>
		<bndbox>
			<xmin>123</xmin>
			<xmax>187</xmax>
			<ymin>167</ymin>
			<ymax>207</ymax>
		</bndbox>
	</object>
</annotation>
