<annotation>
	<folder></folder>
	<filename>89d26be7-258a-4470-b0fe-d1df57b20d55___new_Skoda-Octavia-5-jpg_jpeg.rf.1f7cb56b0e5f2cecb58d6168b5ee4265.jpg</filename>
	<path>89d26be7-258a-4470-b0fe-d1df57b20d55___new_Skoda-Octavia-5-jpg_jpeg.rf.1f7cb56b0e5f2cecb58d6168b5ee4265.jpg</path>
	<source>
		<database>roboflow.ai</database>
	</source>
	<size>
		<width>300</width>
		<height>300</height>
		<depth>3</depth>
	</size>
	<segmented>0</segmented>
	<object>
		<name>MH20CS1938</name>
		<pose>Unspecified</pose>
		<truncated>0</truncated>
		<difficult>0</difficult>
		<occluded>0</occluded>
		<bndbox>
			<xmin>95</xmin>
			<xmax>128</xmax>
			<ymin>190</ymin>
			<ymax>209</ymax>
		</bndbox>
	</object>
</annotation>
