<annotation>
	<folder></folder>
	<filename>8b9e7112-9149-48fb-b8e8-c3e89cce5af0___1074650_10201043987997310_227646612_o-jpg_jpeg.rf.e7093bec09a872b173456f3c028cf789.jpg</filename>
	<path>8b9e7112-9149-48fb-b8e8-c3e89cce5af0___1074650_10201043987997310_227646612_o-jpg_jpeg.rf.e7093bec09a872b173456f3c028cf789.jpg</path>
	<source>
		<database>roboflow.ai</database>
	</source>
	<size>
		<width>300</width>
		<height>300</height>
		<depth>3</depth>
	</size>
	<segmented>0</segmented>
	<object>
		<name>HR696969</name>
		<pose>Unspecified</pose>
		<truncated>0</truncated>
		<difficult>0</difficult>
		<occluded>0</occluded>
		<bndbox>
			<xmin>126</xmin>
			<xmax>235</xmax>
			<ymin>167</ymin>
			<ymax>204</ymax>
		</bndbox>
	</object>
</annotation>
