<annotation>
	<folder></folder>
	<filename>8c4371ee-a997-4b21-82c4-cb5e767c4d06___kia-sorento-spied-in-India-jpg_jpeg.rf.a87f63e9ffb51aba59a7eb7c431bb4ce.jpg</filename>
	<path>8c4371ee-a997-4b21-82c4-cb5e767c4d06___kia-sorento-spied-in-India-jpg_jpeg.rf.a87f63e9ffb51aba59a7eb7c431bb4ce.jpg</path>
	<source>
		<database>roboflow.ai</database>
	</source>
	<size>
		<width>300</width>
		<height>300</height>
		<depth>3</depth>
	</size>
	<segmented>0</segmented>
	<object>
		<name>AP02BP2454</name>
		<pose>Unspecified</pose>
		<truncated>0</truncated>
		<difficult>0</difficult>
		<occluded>0</occluded>
		<bndbox>
			<xmin>106</xmin>
			<xmax>164</xmax>
			<ymin>131</ymin>
			<ymax>150</ymax>
		</bndbox>
	</object>
</annotation>
