<annotation>
	<folder></folder>
	<filename>8da5183c-275f-4294-a5a8-276e10ac5ad0___3e7fd381-0ae5-4421-8a70-279ee0ec1c61_nissan-terrano-amt_827x510_81478504265_jpg.rf.133bdb2d149f150af462a70dab94a1b6.jpg</filename>
	<path>8da5183c-275f-4294-a5a8-276e10ac5ad0___3e7fd381-0ae5-4421-8a70-279ee0ec1c61_nissan-terrano-amt_827x510_81478504265_jpg.rf.133bdb2d149f150af462a70dab94a1b6.jpg</path>
	<source>
		<database>roboflow.ai</database>
	</source>
	<size>
		<width>300</width>
		<height>300</height>
		<depth>3</depth>
	</size>
	<segmented>0</segmented>
	<object>
		<name>DL14CTC0153</name>
		<pose>Unspecified</pose>
		<truncated>0</truncated>
		<difficult>0</difficult>
		<occluded>0</occluded>
		<bndbox>
			<xmin>129</xmin>
			<xmax>201</xmax>
			<ymin>173</ymin>
			<ymax>264</ymax>
		</bndbox>
	</object>
</annotation>
