<annotation>
	<folder></folder>
	<filename>8e0b8c6f-850f-4918-983a-7fa110368d32___banner_4_png.rf.04a6c0d96d1341d0561a091769c19672.jpg</filename>
	<path>8e0b8c6f-850f-4918-983a-7fa110368d32___banner_4_png.rf.04a6c0d96d1341d0561a091769c19672.jpg</path>
	<source>
		<database>roboflow.ai</database>
	</source>
	<size>
		<width>300</width>
		<height>300</height>
		<depth>3</depth>
	</size>
	<segmented>0</segmented>
	<object>
		<name>DL6CAB123X</name>
		<pose>Unspecified</pose>
		<truncated>0</truncated>
		<difficult>0</difficult>
		<occluded>0</occluded>
		<bndbox>
			<xmin>110</xmin>
			<xmax>193</xmax>
			<ymin>173</ymin>
			<ymax>216</ymax>
		</bndbox>
	</object>
</annotation>
