<annotation>
	<folder></folder>
	<filename>8edca6de-d964-4027-823d-f70d3f872412___12042943_1003224833031653_9073848483429898813_n-jpg_jpeg.rf.eb32917408e98a95192a4f771a9986fe.jpg</filename>
	<path>8edca6de-d964-4027-823d-f70d3f872412___12042943_1003224833031653_9073848483429898813_n-jpg_jpeg.rf.eb32917408e98a95192a4f771a9986fe.jpg</path>
	<source>
		<database>roboflow.ai</database>
	</source>
	<size>
		<width>300</width>
		<height>300</height>
		<depth>3</depth>
	</size>
	<segmented>0</segmented>
	<object>
		<name>KL55R2473</name>
		<pose>Unspecified</pose>
		<truncated>0</truncated>
		<difficult>0</difficult>
		<occluded>0</occluded>
		<bndbox>
			<xmin>98</xmin>
			<xmax>191</xmax>
			<ymin>118</ymin>
			<ymax>156</ymax>
		</bndbox>
	</object>
</annotation>
