<annotation>
	<folder></folder>
	<filename>931dfd5a-3d1f-4a08-9234-0453545e27ea___1297127d1412798792-maruti-ciaz-official-review-imag0627-jpg_jpeg.rf.d5b0901bcd06dbb5177fd587cb38df24.jpg</filename>
	<path>931dfd5a-3d1f-4a08-9234-0453545e27ea___1297127d1412798792-maruti-ciaz-official-review-imag0627-jpg_jpeg.rf.d5b0901bcd06dbb5177fd587cb38df24.jpg</path>
	<source>
		<database>roboflow.ai</database>
	</source>
	<size>
		<width>300</width>
		<height>300</height>
		<depth>3</depth>
	</size>
	<segmented>0</segmented>
	<object>
		<name>PB03AGT8979</name>
		<pose>Unspecified</pose>
		<truncated>0</truncated>
		<difficult>0</difficult>
		<occluded>0</occluded>
		<bndbox>
			<xmin>93</xmin>
			<xmax>213</xmax>
			<ymin>133</ymin>
			<ymax>202</ymax>
		</bndbox>
	</object>
</annotation>
