<annotation>
	<folder></folder>
	<filename>936623d4-b47c-4da7-ab2e-6ac3cc63f861___new_216279d1481352986-silver-venom-mahindra-scorpio-s4-2016-ownership-review-wp_20161122_11_19_00_pro-jpg_jpeg.rf.81a3f5026ce9093cedeb024e33bd0681.jpg</filename>
	<path>936623d4-b47c-4da7-ab2e-6ac3cc63f861___new_216279d1481352986-silver-venom-mahindra-scorpio-s4-2016-ownership-review-wp_20161122_11_19_00_pro-jpg_jpeg.rf.81a3f5026ce9093cedeb024e33bd0681.jpg</path>
	<source>
		<database>roboflow.ai</database>
	</source>
	<size>
		<width>300</width>
		<height>300</height>
		<depth>3</depth>
	</size>
	<segmented>0</segmented>
	<object>
		<name>TN74AL5074</name>
		<pose>Unspecified</pose>
		<truncated>0</truncated>
		<difficult>0</difficult>
		<occluded>0</occluded>
		<bndbox>
			<xmin>108</xmin>
			<xmax>225</xmax>
			<ymin>128</ymin>
			<ymax>201</ymax>
		</bndbox>
	</object>
</annotation>
