<annotation>
	<folder></folder>
	<filename>93b6ca4e-17cc-4b12-b7f5-66fb37c6107c___number-plate-factory-fitted1-jpg_jpeg.rf.d1288a4b17f1c1fca38bdd0837cb8a11.jpg</filename>
	<path>93b6ca4e-17cc-4b12-b7f5-66fb37c6107c___number-plate-factory-fitted1-jpg_jpeg.rf.d1288a4b17f1c1fca38bdd0837cb8a11.jpg</path>
	<source>
		<database>roboflow.ai</database>
	</source>
	<size>
		<width>300</width>
		<height>300</height>
		<depth>3</depth>
	</size>
	<segmented>0</segmented>
	<object>
		<name>HR26DG6167</name>
		<pose>Unspecified</pose>
		<truncated>0</truncated>
		<difficult>0</difficult>
		<occluded>0</occluded>
		<bndbox>
			<xmin>103</xmin>
			<xmax>201</xmax>
			<ymin>129</ymin>
			<ymax>173</ymax>
		</bndbox>
	</object>
</annotation>
