<annotation>
	<folder></folder>
	<filename>967ba4a0-eb8e-4734-aa09-c7143d0404b6___39720161008_150234-jpg_jpeg.rf.c7ca39cc0c58ee1869945cdeeddd1822.jpg</filename>
	<path>967ba4a0-eb8e-4734-aa09-c7143d0404b6___39720161008_150234-jpg_jpeg.rf.c7ca39cc0c58ee1869945cdeeddd1822.jpg</path>
	<source>
		<database>roboflow.ai</database>
	</source>
	<size>
		<width>300</width>
		<height>300</height>
		<depth>3</depth>
	</size>
	<segmented>0</segmented>
	<object>
		<name>MH02BM5048</name>
		<pose>Unspecified</pose>
		<truncated>0</truncated>
		<difficult>0</difficult>
		<occluded>0</occluded>
		<bndbox>
			<xmin>102</xmin>
			<xmax>200</xmax>
			<ymin>158</ymin>
			<ymax>190</ymax>
		</bndbox>
	</object>
</annotation>
