<annotation>
	<folder></folder>
	<filename>a1928183-9ebe-40f0-9a84-500aecc61474___2014-Skoda-Superb-facelift-spied-in-India-jpg_jpeg.rf.d36de9f89ef88f5a514b97f37a095d72.jpg</filename>
	<path>a1928183-9ebe-40f0-9a84-500aecc61474___2014-Skoda-Superb-facelift-spied-in-India-jpg_jpeg.rf.d36de9f89ef88f5a514b97f37a095d72.jpg</path>
	<source>
		<database>roboflow.ai</database>
	</source>
	<size>
		<width>300</width>
		<height>300</height>
		<depth>3</depth>
	</size>
	<segmented>0</segmented>
	<object>
		<name>MH20TC189B</name>
		<pose>Unspecified</pose>
		<truncated>0</truncated>
		<difficult>0</difficult>
		<occluded>0</occluded>
		<bndbox>
			<xmin>212</xmin>
			<xmax>262</xmax>
			<ymin>134</ymin>
			<ymax>170</ymax>
		</bndbox>
	</object>
</annotation>
