<annotation>
	<folder></folder>
	<filename>a285cdf6-4640-41ee-b3f3-b721f334466f___Skoda-Octavia-RS-launched-in-India-3-jpg_jpeg.rf.a33b45f387733e55d688e257433f290c.jpg</filename>
	<path>a285cdf6-4640-41ee-b3f3-b721f334466f___Skoda-Octavia-RS-launched-in-India-3-jpg_jpeg.rf.a33b45f387733e55d688e257433f290c.jpg</path>
	<source>
		<database>roboflow.ai</database>
	</source>
	<size>
		<width>300</width>
		<height>300</height>
		<depth>3</depth>
	</size>
	<segmented>0</segmented>
	<object>
		<name>MH20EE7598</name>
		<pose>Unspecified</pose>
		<truncated>0</truncated>
		<difficult>0</difficult>
		<occluded>0</occluded>
		<bndbox>
			<xmin>106</xmin>
			<xmax>209</xmax>
			<ymin>222</ymin>
			<ymax>254</ymax>
		</bndbox>
	</object>
</annotation>
