<annotation>
	<folder></folder>
	<filename>a2f87691-b9f5-4274-ac5a-8764e9ba282c___1571669d1477648169-your-favourite-number-plate-font-13-jpg_jpeg.rf.be855759fc4f0ff5d3db206fb6bfed77.jpg</filename>
	<path>a2f87691-b9f5-4274-ac5a-8764e9ba282c___1571669d1477648169-your-favourite-number-plate-font-13-jpg_jpeg.rf.be855759fc4f0ff5d3db206fb6bfed77.jpg</path>
	<source>
		<database>roboflow.ai</database>
	</source>
	<size>
		<width>300</width>
		<height>300</height>
		<depth>3</depth>
	</size>
	<segmented>0</segmented>
	<object>
		<name>GJ05JD9759</name>
		<pose>Unspecified</pose>
		<truncated>0</truncated>
		<difficult>0</difficult>
		<occluded>0</occluded>
		<bndbox>
			<xmin>49</xmin>
			<xmax>278</xmax>
			<ymin>77</ymin>
			<ymax>257</ymax>
		</bndbox>
	</object>
</annotation>
