<annotation>
	<folder></folder>
	<filename>a34aeb21-ffe8-4357-80d3-8f212c62c816___new_main_cropped-jpg_jpeg.rf.2c45826c6e2f334e06fe497c69ff858f.jpg</filename>
	<path>a34aeb21-ffe8-4357-80d3-8f212c62c816___new_main_cropped-jpg_jpeg.rf.2c45826c6e2f334e06fe497c69ff858f.jpg</path>
	<source>
		<database>roboflow.ai</database>
	</source>
	<size>
		<width>300</width>
		<height>300</height>
		<depth>3</depth>
	</size>
	<segmented>0</segmented>
	<object>
		<name>UP16TC1366</name>
		<pose>Unspecified</pose>
		<truncated>0</truncated>
		<difficult>0</difficult>
		<occluded>0</occluded>
		<bndbox>
			<xmin>122</xmin>
			<xmax>209</xmax>
			<ymin>114</ymin>
			<ymax>147</ymax>
		</bndbox>
	</object>
</annotation>
