<annotation>
	<folder></folder>
	<filename>a508ecb5-bfdd-46ba-8640-bb827b7c089c___Volkswagen-Polo-jpg_jpeg.rf.626f1fa8e1973d74a01a25416ffffc66.jpg</filename>
	<path>a508ecb5-bfdd-46ba-8640-bb827b7c089c___Volkswagen-Polo-jpg_jpeg.rf.626f1fa8e1973d74a01a25416ffffc66.jpg</path>
	<source>
		<database>roboflow.ai</database>
	</source>
	<size>
		<width>300</width>
		<height>300</height>
		<depth>3</depth>
	</size>
	<segmented>0</segmented>
	<object>
		<name>MH14EH5819</name>
		<pose>Unspecified</pose>
		<truncated>0</truncated>
		<difficult>0</difficult>
		<occluded>0</occluded>
		<bndbox>
			<xmin>241</xmin>
			<xmax>288</xmax>
			<ymin>189</ymin>
			<ymax>217</ymax>
		</bndbox>
	</object>
</annotation>
