<annotation>
	<folder></folder>
	<filename>a615016b-4d07-46c7-a52b-8d4319fe3a10___3e7fd381-0ae5-4421-8a70-279ee0ec1c61_nissan-terrano-rear-view_jpg.rf.fa1b9e7438b47df8c8921d1581f1789d.jpg</filename>
	<path>a615016b-4d07-46c7-a52b-8d4319fe3a10___3e7fd381-0ae5-4421-8a70-279ee0ec1c61_nissan-terrano-rear-view_jpg.rf.fa1b9e7438b47df8c8921d1581f1789d.jpg</path>
	<source>
		<database>roboflow.ai</database>
	</source>
	<size>
		<width>300</width>
		<height>300</height>
		<depth>3</depth>
	</size>
	<segmented>0</segmented>
	<object>
		<name>DL6CM6683</name>
		<pose>Unspecified</pose>
		<truncated>0</truncated>
		<difficult>0</difficult>
		<occluded>0</occluded>
		<bndbox>
			<xmin>130</xmin>
			<xmax>175</xmax>
			<ymin>208</ymin>
			<ymax>224</ymax>
		</bndbox>
	</object>
</annotation>
