<annotation>
	<folder></folder>
	<filename>a9268f51-fbb4-42c2-b88c-f5ef9f8ead42___2266_7T4G0510-JPG_jpeg.rf.d78e0fc11cd549d489eb72b4aceac301.jpg</filename>
	<path>a9268f51-fbb4-42c2-b88c-f5ef9f8ead42___2266_7T4G0510-JPG_jpeg.rf.d78e0fc11cd549d489eb72b4aceac301.jpg</path>
	<source>
		<database>roboflow.ai</database>
	</source>
	<size>
		<width>300</width>
		<height>300</height>
		<depth>3</depth>
	</size>
	<segmented>0</segmented>
	<object>
		<name>HR99EX6037</name>
		<pose>Unspecified</pose>
		<truncated>0</truncated>
		<difficult>0</difficult>
		<occluded>0</occluded>
		<bndbox>
			<xmin>90</xmin>
			<xmax>207</xmax>
			<ymin>181</ymin>
			<ymax>219</ymax>
		</bndbox>
	</object>
</annotation>
