<annotation>
	<folder></folder>
	<filename>a970d6e0-5948-4412-a1ec-67c5240722a8___images-gallery-misc4-250x250-jpg_jpeg.rf.350d0f6d2d79062365f0ecea5a0ee4d5.jpg</filename>
	<path>a970d6e0-5948-4412-a1ec-67c5240722a8___images-gallery-misc4-250x250-jpg_jpeg.rf.350d0f6d2d79062365f0ecea5a0ee4d5.jpg</path>
	<source>
		<database>roboflow.ai</database>
	</source>
	<size>
		<width>300</width>
		<height>300</height>
		<depth>3</depth>
	</size>
	<segmented>0</segmented>
	<object>
		<name>HR26BA8008</name>
		<pose>Unspecified</pose>
		<truncated>0</truncated>
		<difficult>0</difficult>
		<occluded>0</occluded>
		<bndbox>
			<xmin>17</xmin>
			<xmax>236</xmax>
			<ymin>50</ymin>
			<ymax>232</ymax>
		</bndbox>
	</object>
</annotation>
