<annotation>
	<folder></folder>
	<filename>ab573806-1da7-4ccf-93c8-6082e0cc15c3___1107433d1373284570-my-modded-skoda-rapid-now-166-bhp-351-nm-119-whp-per-tonne-hdr_00005_normal-jpg_jpeg.rf.8ef1ed9607e4d42dda4e549db1cb62d3.jpg</filename>
	<path>ab573806-1da7-4ccf-93c8-6082e0cc15c3___1107433d1373284570-my-modded-skoda-rapid-now-166-bhp-351-nm-119-whp-per-tonne-hdr_00005_normal-jpg_jpeg.rf.8ef1ed9607e4d42dda4e549db1cb62d3.jpg</path>
	<source>
		<database>roboflow.ai</database>
	</source>
	<size>
		<width>300</width>
		<height>300</height>
		<depth>3</depth>
	</size>
	<segmented>0</segmented>
	<object>
		<name>TN07BU5427</name>
		<pose>Unspecified</pose>
		<truncated>0</truncated>
		<difficult>0</difficult>
		<occluded>0</occluded>
		<bndbox>
			<xmin>123</xmin>
			<xmax>172</xmax>
			<ymin>138</ymin>
			<ymax>156</ymax>
		</bndbox>
	</object>
</annotation>
