<annotation>
	<folder></folder>
	<filename>acd85f93-544d-494e-b2f3-2d445937bb0b___new_1431956d1446017445-number-plates-merchandise-canvas-ink-gurgaon-edit-closed-thumb_img_4418_1024-jpg_jpeg.rf.e91c8945b06bbc87cba3a1f29d1b9ebd.jpg</filename>
	<path>acd85f93-544d-494e-b2f3-2d445937bb0b___new_1431956d1446017445-number-plates-merchandise-canvas-ink-gurgaon-edit-closed-thumb_img_4418_1024-jpg_jpeg.rf.e91c8945b06bbc87cba3a1f29d1b9ebd.jpg</path>
	<source>
		<database>roboflow.ai</database>
	</source>
	<size>
		<width>300</width>
		<height>300</height>
		<depth>3</depth>
	</size>
	<segmented>0</segmented>
	<object>
		<name>MH03BS7778</name>
		<pose>Unspecified</pose>
		<truncated>0</truncated>
		<difficult>0</difficult>
		<occluded>0</occluded>
		<bndbox>
			<xmin>85</xmin>
			<xmax>246</xmax>
			<ymin>109</ymin>
			<ymax>166</ymax>
		</bndbox>
	</object>
</annotation>
