<annotation>
	<folder></folder>
	<filename>ad1f5cbc-7545-407e-8974-a03ddb7b7779___833542696_1_1080x720_mahindra-scorpio-vlx-4wd-airbag-bs-iv-2012-diesel-jpg_jpeg.rf.1b43c9de139b88e131d40c087023e292.jpg</filename>
	<path>ad1f5cbc-7545-407e-8974-a03ddb7b7779___833542696_1_1080x720_mahindra-scorpio-vlx-4wd-airbag-bs-iv-2012-diesel-jpg_jpeg.rf.1b43c9de139b88e131d40c087023e292.jpg</path>
	<source>
		<database>roboflow.ai</database>
	</source>
	<size>
		<width>300</width>
		<height>300</height>
		<depth>3</depth>
	</size>
	<segmented>0</segmented>
	<object>
		<name>TN28BA9999</name>
		<pose>Unspecified</pose>
		<truncated>0</truncated>
		<difficult>0</difficult>
		<occluded>0</occluded>
		<bndbox>
			<xmin>129</xmin>
			<xmax>189</xmax>
			<ymin>176</ymin>
			<ymax>196</ymax>
		</bndbox>
	</object>
</annotation>
