<annotation>
	<folder></folder>
	<filename>ae0bb069-0e7e-412a-9473-e8e0d4041cbc___135718d1400912281-skoda-rapid-1-6tdi-cr-mt-elegance-ultima-candy-white-white-monster-_mg_3000comp-jpg_jpeg.rf.268cd66615148af6dfa593a635adcfa4.jpg</filename>
	<path>ae0bb069-0e7e-412a-9473-e8e0d4041cbc___135718d1400912281-skoda-rapid-1-6tdi-cr-mt-elegance-ultima-candy-white-white-monster-_mg_3000comp-jpg_jpeg.rf.268cd66615148af6dfa593a635adcfa4.jpg</path>
	<source>
		<database>roboflow.ai</database>
	</source>
	<size>
		<width>300</width>
		<height>300</height>
		<depth>3</depth>
	</size>
	<segmented>0</segmented>
	<object>
		<name>TN74F3339</name>
		<pose>Unspecified</pose>
		<truncated>0</truncated>
		<difficult>0</difficult>
		<occluded>0</occluded>
		<bndbox>
			<xmin>209</xmin>
			<xmax>259</xmax>
			<ymin>151</ymin>
			<ymax>170</ymax>
		</bndbox>
	</object>
</annotation>
