<annotation>
	<folder></folder>
	<filename>aea95aa0-a000-4103-945d-c173383bd646___3e7fd381-0ae5-4421-8a70-279ee0ec1c61_Nissan-Terrano-11_jpg.rf.083ea427b50f82be1e02d2114f9f17b2.jpg</filename>
	<path>aea95aa0-a000-4103-945d-c173383bd646___3e7fd381-0ae5-4421-8a70-279ee0ec1c61_Nissan-Terrano-11_jpg.rf.083ea427b50f82be1e02d2114f9f17b2.jpg</path>
	<source>
		<database>roboflow.ai</database>
	</source>
	<size>
		<width>300</width>
		<height>300</height>
		<depth>3</depth>
	</size>
	<segmented>0</segmented>
	<object>
		<name>RJ27TC0530</name>
		<pose>Unspecified</pose>
		<truncated>0</truncated>
		<difficult>0</difficult>
		<occluded>0</occluded>
		<bndbox>
			<xmin>182</xmin>
			<xmax>260</xmax>
			<ymin>98</ymin>
			<ymax>166</ymax>
		</bndbox>
	</object>
</annotation>
