<annotation>
	<folder></folder>
	<filename>af058398-67d6-4d0e-a6d9-afc1cb184e5b___3e7fd381-0ae5-4421-8a70-279ee0ec1c61_hqdefault3_jpg.rf.595ac4b9ec27cc4254f1da84b22f8f05.jpg</filename>
	<path>af058398-67d6-4d0e-a6d9-afc1cb184e5b___3e7fd381-0ae5-4421-8a70-279ee0ec1c61_hqdefault3_jpg.rf.595ac4b9ec27cc4254f1da84b22f8f05.jpg</path>
	<source>
		<database>roboflow.ai</database>
	</source>
	<size>
		<width>300</width>
		<height>300</height>
		<depth>3</depth>
	</size>
	<segmented>0</segmented>
	<object>
		<name>RJ27TC0530</name>
		<pose>Unspecified</pose>
		<truncated>0</truncated>
		<difficult>0</difficult>
		<occluded>0</occluded>
		<bndbox>
			<xmin>92</xmin>
			<xmax>150</xmax>
			<ymin>175</ymin>
			<ymax>205</ymax>
		</bndbox>
	</object>
</annotation>
