<annotation>
	<folder></folder>
	<filename>af270103-6ed4-4260-9d01-b8be2e2b9af1___skoda-rapid-1-5-tdi-dsg-review-jpg_jpeg.rf.686184abaefadd946c0d593035e23e28.jpg</filename>
	<path>af270103-6ed4-4260-9d01-b8be2e2b9af1___skoda-rapid-1-5-tdi-dsg-review-jpg_jpeg.rf.686184abaefadd946c0d593035e23e28.jpg</path>
	<source>
		<database>roboflow.ai</database>
	</source>
	<size>
		<width>300</width>
		<height>300</height>
		<depth>3</depth>
	</size>
	<segmented>0</segmented>
	<object>
		<name>MH20DJ0419</name>
		<pose>Unspecified</pose>
		<truncated>0</truncated>
		<difficult>0</difficult>
		<occluded>0</occluded>
		<bndbox>
			<xmin>64</xmin>
			<xmax>150</xmax>
			<ymin>170</ymin>
			<ymax>219</ymax>
		</bndbox>
	</object>
</annotation>
