<annotation>
	<folder></folder>
	<filename>af608b5e-07d6-4bcf-84d0-f0cba9e54e12___Skoda-Superb-Rear-Profile-jpg_jpeg.rf.7d126ff2327c254f1a039ab4fe57c8cf.jpg</filename>
	<path>af608b5e-07d6-4bcf-84d0-f0cba9e54e12___Skoda-Superb-Rear-Profile-jpg_jpeg.rf.7d126ff2327c254f1a039ab4fe57c8cf.jpg</path>
	<source>
		<database>roboflow.ai</database>
	</source>
	<size>
		<width>300</width>
		<height>300</height>
		<depth>3</depth>
	</size>
	<segmented>0</segmented>
	<object>
		<name>MH20CS4946</name>
		<pose>Unspecified</pose>
		<truncated>0</truncated>
		<difficult>0</difficult>
		<occluded>0</occluded>
		<bndbox>
			<xmin>119</xmin>
			<xmax>175</xmax>
			<ymin>140</ymin>
			<ymax>160</ymax>
		</bndbox>
	</object>
</annotation>
