<annotation>
	<folder></folder>
	<filename>aff1f53b-3259-44f0-9718-05fb64dc8ba1___Untitled_png.rf.47b31405822956c4ee3b060da94d2521.jpg</filename>
	<path>aff1f53b-3259-44f0-9718-05fb64dc8ba1___Untitled_png.rf.47b31405822956c4ee3b060da94d2521.jpg</path>
	<source>
		<database>roboflow.ai</database>
	</source>
	<size>
		<width>300</width>
		<height>300</height>
		<depth>3</depth>
	</size>
	<segmented>0</segmented>
	<object>
		<name>KA03NA8385</name>
		<pose>Unspecified</pose>
		<truncated>0</truncated>
		<difficult>0</difficult>
		<occluded>0</occluded>
		<bndbox>
			<xmin>70</xmin>
			<xmax>151</xmax>
			<ymin>136</ymin>
			<ymax>158</ymax>
		</bndbox>
	</object>
</annotation>
