<annotation>
	<folder></folder>
	<filename>AN1_jpg.rf.c4c006e7ac968f3adbca0b5b3ece2f9d.jpg</filename>
	<path>AN1_jpg.rf.c4c006e7ac968f3adbca0b5b3ece2f9d.jpg</path>
	<source>
		<database>roboflow.ai</database>
	</source>
	<size>
		<width>300</width>
		<height>300</height>
		<depth>3</depth>
	</size>
	<segmented>0</segmented>
	<object>
		<name>AN01P9687</name>
		<pose>Unspecified</pose>
		<truncated>0</truncated>
		<difficult>0</difficult>
		<occluded>0</occluded>
		<bndbox>
			<xmin>104</xmin>
			<xmax>204</xmax>
			<ymin>191</ymin>
			<ymax>202</ymax>
		</bndbox>
	</object>
</annotation>
