<annotation>
	<folder></folder>
	<filename>AN4_jpg.rf.8c8886c16d3d486169fff31d999d69d2.jpg</filename>
	<path>AN4_jpg.rf.8c8886c16d3d486169fff31d999d69d2.jpg</path>
	<source>
		<database>roboflow.ai</database>
	</source>
	<size>
		<width>300</width>
		<height>300</height>
		<depth>3</depth>
	</size>
	<segmented>0</segmented>
	<object>
		<name>AN01M4M</name>
		<pose>Unspecified</pose>
		<truncated>0</truncated>
		<difficult>0</difficult>
		<occluded>0</occluded>
		<bndbox>
			<xmin>91</xmin>
			<xmax>156</xmax>
			<ymin>190</ymin>
			<ymax>203</ymax>
		</bndbox>
	</object>
</annotation>
