<annotation>
	<folder></folder>
	<filename>AN5_jpg.rf.802ba11705f3baa67c323cd35e9208db.jpg</filename>
	<path>AN5_jpg.rf.802ba11705f3baa67c323cd35e9208db.jpg</path>
	<source>
		<database>roboflow.ai</database>
	</source>
	<size>
		<width>300</width>
		<height>300</height>
		<depth>3</depth>
	</size>
	<segmented>0</segmented>
	<object>
		<name>AN01L6155</name>
		<pose>Unspecified</pose>
		<truncated>0</truncated>
		<difficult>0</difficult>
		<occluded>0</occluded>
		<bndbox>
			<xmin>165</xmin>
			<xmax>226</xmax>
			<ymin>214</ymin>
			<ymax>225</ymax>
		</bndbox>
	</object>
</annotation>
