<annotation>
	<folder></folder>
	<filename>AN6_jpg.rf.01b307d513b67372c213867ba1d5930b.jpg</filename>
	<path>AN6_jpg.rf.01b307d513b67372c213867ba1d5930b.jpg</path>
	<source>
		<database>roboflow.ai</database>
	</source>
	<size>
		<width>300</width>
		<height>300</height>
		<depth>3</depth>
	</size>
	<segmented>0</segmented>
	<object>
		<name>AN01H1689</name>
		<pose>Unspecified</pose>
		<truncated>0</truncated>
		<difficult>0</difficult>
		<occluded>0</occluded>
		<bndbox>
			<xmin>133</xmin>
			<xmax>203</xmax>
			<ymin>190</ymin>
			<ymax>204</ymax>
		</bndbox>
	</object>
</annotation>
