<annotation>
	<folder></folder>
	<filename>AN7_jpg.rf.7fdd06158d173e2c03ad694aec04b7b0.jpg</filename>
	<path>AN7_jpg.rf.7fdd06158d173e2c03ad694aec04b7b0.jpg</path>
	<source>
		<database>roboflow.ai</database>
	</source>
	<size>
		<width>300</width>
		<height>300</height>
		<depth>3</depth>
	</size>
	<segmented>0</segmented>
	<object>
		<name>AN01H0908</name>
		<pose>Unspecified</pose>
		<truncated>0</truncated>
		<difficult>0</difficult>
		<occluded>0</occluded>
		<bndbox>
			<xmin>98</xmin>
			<xmax>212</xmax>
			<ymin>187</ymin>
			<ymax>199</ymax>
		</bndbox>
	</object>
</annotation>
