<annotation>
	<folder></folder>
	<filename>AP10_jpg.rf.da2bd95fe04c3cd541ca94fe123b05c9.jpg</filename>
	<path>AP10_jpg.rf.da2bd95fe04c3cd541ca94fe123b05c9.jpg</path>
	<source>
		<database>roboflow.ai</database>
	</source>
	<size>
		<width>300</width>
		<height>300</height>
		<depth>3</depth>
	</size>
	<segmented>0</segmented>
	<object>
		<name>AP39E1493</name>
		<pose>Unspecified</pose>
		<truncated>0</truncated>
		<difficult>0</difficult>
		<occluded>0</occluded>
		<bndbox>
			<xmin>123</xmin>
			<xmax>208</xmax>
			<ymin>190</ymin>
			<ymax>202</ymax>
		</bndbox>
	</object>
</annotation>
