<annotation>
	<folder></folder>
	<filename>AP13_jpg.rf.adc05d860f1deb8c7f36ae465c5f5bd2.jpg</filename>
	<path>AP13_jpg.rf.adc05d860f1deb8c7f36ae465c5f5bd2.jpg</path>
	<source>
		<database>roboflow.ai</database>
	</source>
	<size>
		<width>300</width>
		<height>300</height>
		<depth>3</depth>
	</size>
	<segmented>0</segmented>
	<object>
		<name>AP39JJ5441</name>
		<pose>Unspecified</pose>
		<truncated>0</truncated>
		<difficult>0</difficult>
		<occluded>0</occluded>
		<bndbox>
			<xmin>106</xmin>
			<xmax>186</xmax>
			<ymin>158</ymin>
			<ymax>174</ymax>
		</bndbox>
	</object>
</annotation>
