<annotation>
	<folder></folder>
	<filename>AP15_jpg.rf.39cddc4f6924d87f2d8e911f8925caf6.jpg</filename>
	<path>AP15_jpg.rf.39cddc4f6924d87f2d8e911f8925caf6.jpg</path>
	<source>
		<database>roboflow.ai</database>
	</source>
	<size>
		<width>300</width>
		<height>300</height>
		<depth>3</depth>
	</size>
	<segmented>0</segmented>
	<object>
		<name>AP28AT5333</name>
		<pose>Unspecified</pose>
		<truncated>0</truncated>
		<difficult>0</difficult>
		<occluded>0</occluded>
		<bndbox>
			<xmin>102</xmin>
			<xmax>224</xmax>
			<ymin>199</ymin>
			<ymax>215</ymax>
		</bndbox>
	</object>
</annotation>
