<annotation>
	<folder></folder>
	<filename>AP17_jpg.rf.c32ad2336e8e7961d6b6a16939743b11.jpg</filename>
	<path>AP17_jpg.rf.c32ad2336e8e7961d6b6a16939743b11.jpg</path>
	<source>
		<database>roboflow.ai</database>
	</source>
	<size>
		<width>300</width>
		<height>300</height>
		<depth>3</depth>
	</size>
	<segmented>0</segmented>
	<object>
		<name>AP31TP2282</name>
		<pose>Unspecified</pose>
		<truncated>0</truncated>
		<difficult>0</difficult>
		<occluded>0</occluded>
		<bndbox>
			<xmin>117</xmin>
			<xmax>198</xmax>
			<ymin>173</ymin>
			<ymax>181</ymax>
		</bndbox>
	</object>
</annotation>
