<annotation>
	<folder></folder>
	<filename>AP18_jpg.rf.59356c56ec54f6d5314e6de6a35bad8e.jpg</filename>
	<path>AP18_jpg.rf.59356c56ec54f6d5314e6de6a35bad8e.jpg</path>
	<source>
		<database>roboflow.ai</database>
	</source>
	<size>
		<width>300</width>
		<height>300</height>
		<depth>3</depth>
	</size>
	<segmented>0</segmented>
	<object>
		<name>AP16BS4500</name>
		<pose>Unspecified</pose>
		<truncated>0</truncated>
		<difficult>0</difficult>
		<occluded>0</occluded>
		<bndbox>
			<xmin>116</xmin>
			<xmax>180</xmax>
			<ymin>200</ymin>
			<ymax>227</ymax>
		</bndbox>
	</object>
</annotation>
