<annotation>
	<folder></folder>
	<filename>AP1_jpg.rf.99b66b8a10989fad5ae21f06f0a1825c.jpg</filename>
	<path>AP1_jpg.rf.99b66b8a10989fad5ae21f06f0a1825c.jpg</path>
	<source>
		<database>roboflow.ai</database>
	</source>
	<size>
		<width>300</width>
		<height>300</height>
		<depth>3</depth>
	</size>
	<segmented>0</segmented>
	<object>
		<name>AP05BY7799</name>
		<pose>Unspecified</pose>
		<truncated>0</truncated>
		<difficult>0</difficult>
		<occluded>0</occluded>
		<bndbox>
			<xmin>112</xmin>
			<xmax>198</xmax>
			<ymin>213</ymin>
			<ymax>238</ymax>
		</bndbox>
	</object>
</annotation>
