<annotation>
	<folder></folder>
	<filename>AP20_jpg.rf.e046d5af15e1ab6fd71ee500a855b0ff.jpg</filename>
	<path>AP20_jpg.rf.e046d5af15e1ab6fd71ee500a855b0ff.jpg</path>
	<source>
		<database>roboflow.ai</database>
	</source>
	<size>
		<width>300</width>
		<height>300</height>
		<depth>3</depth>
	</size>
	<segmented>0</segmented>
	<object>
		<name>AP04AS8753</name>
		<pose>Unspecified</pose>
		<truncated>0</truncated>
		<difficult>0</difficult>
		<occluded>0</occluded>
		<bndbox>
			<xmin>110</xmin>
			<xmax>182</xmax>
			<ymin>216</ymin>
			<ymax>227</ymax>
		</bndbox>
	</object>
</annotation>
