<annotation>
	<folder></folder>
	<filename>AP21_jpg.rf.a3a62d61bdbcec31688855d54ebfab51.jpg</filename>
	<path>AP21_jpg.rf.a3a62d61bdbcec31688855d54ebfab51.jpg</path>
	<source>
		<database>roboflow.ai</database>
	</source>
	<size>
		<width>300</width>
		<height>300</height>
		<depth>3</depth>
	</size>
	<segmented>0</segmented>
	<object>
		<name>AP31AT5064</name>
		<pose>Unspecified</pose>
		<truncated>0</truncated>
		<difficult>0</difficult>
		<occluded>0</occluded>
		<bndbox>
			<xmin>133</xmin>
			<xmax>253</xmax>
			<ymin>171</ymin>
			<ymax>223</ymax>
		</bndbox>
	</object>
</annotation>
