<annotation>
	<folder></folder>
	<filename>AP23_jpg.rf.2ba1642a4a8202bce4d07ab964e780ef.jpg</filename>
	<path>AP23_jpg.rf.2ba1642a4a8202bce4d07ab964e780ef.jpg</path>
	<source>
		<database>roboflow.ai</database>
	</source>
	<size>
		<width>300</width>
		<height>300</height>
		<depth>3</depth>
	</size>
	<segmented>0</segmented>
	<object>
		<name>AP39DL3537</name>
		<pose>Unspecified</pose>
		<truncated>0</truncated>
		<difficult>0</difficult>
		<occluded>0</occluded>
		<bndbox>
			<xmin>86</xmin>
			<xmax>150</xmax>
			<ymin>185</ymin>
			<ymax>194</ymax>
		</bndbox>
	</object>
</annotation>
