<annotation>
	<folder></folder>
	<filename>AP25_jpg.rf.baab9ecd60cc82f4cbe24839adc5d75f.jpg</filename>
	<path>AP25_jpg.rf.baab9ecd60cc82f4cbe24839adc5d75f.jpg</path>
	<source>
		<database>roboflow.ai</database>
	</source>
	<size>
		<width>300</width>
		<height>300</height>
		<depth>3</depth>
	</size>
	<segmented>0</segmented>
	<object>
		<name>AP26AM1260</name>
		<pose>Unspecified</pose>
		<truncated>0</truncated>
		<difficult>0</difficult>
		<occluded>0</occluded>
		<bndbox>
			<xmin>99</xmin>
			<xmax>191</xmax>
			<ymin>207</ymin>
			<ymax>221</ymax>
		</bndbox>
	</object>
</annotation>
