<annotation>
	<folder></folder>
	<filename>AP26_jpg.rf.a4fcfa7bfce0dc4d58e13e2d571b7538.jpg</filename>
	<path>AP26_jpg.rf.a4fcfa7bfce0dc4d58e13e2d571b7538.jpg</path>
	<source>
		<database>roboflow.ai</database>
	</source>
	<size>
		<width>300</width>
		<height>300</height>
		<depth>3</depth>
	</size>
	<segmented>0</segmented>
	<object>
		<name>AP31BR9501</name>
		<pose>Unspecified</pose>
		<truncated>0</truncated>
		<difficult>0</difficult>
		<occluded>0</occluded>
		<bndbox>
			<xmin>106</xmin>
			<xmax>197</xmax>
			<ymin>63</ymin>
			<ymax>88</ymax>
		</bndbox>
	</object>
</annotation>
