<annotation>
	<folder></folder>
	<filename>AP27_jpg.rf.85f9ff710b1f1ea1372902d678296955.jpg</filename>
	<path>AP27_jpg.rf.85f9ff710b1f1ea1372902d678296955.jpg</path>
	<source>
		<database>roboflow.ai</database>
	</source>
	<size>
		<width>300</width>
		<height>300</height>
		<depth>3</depth>
	</size>
	<segmented>0</segmented>
	<object>
		<name>AP31EF1155</name>
		<pose>Unspecified</pose>
		<truncated>0</truncated>
		<difficult>0</difficult>
		<occluded>0</occluded>
		<bndbox>
			<xmin>108</xmin>
			<xmax>192</xmax>
			<ymin>163</ymin>
			<ymax>179</ymax>
		</bndbox>
	</object>
</annotation>
