<annotation>
	<folder></folder>
	<filename>AP2_jpg.rf.c5a0e0f65dd4f2c2d7cc022ddbcbb604.jpg</filename>
	<path>AP2_jpg.rf.c5a0e0f65dd4f2c2d7cc022ddbcbb604.jpg</path>
	<source>
		<database>roboflow.ai</database>
	</source>
	<size>
		<width>300</width>
		<height>300</height>
		<depth>3</depth>
	</size>
	<segmented>0</segmented>
	<object>
		<name>AP07AN3915</name>
		<pose>Unspecified</pose>
		<truncated>0</truncated>
		<difficult>0</difficult>
		<occluded>0</occluded>
		<bndbox>
			<xmin>105</xmin>
			<xmax>155</xmax>
			<ymin>114</ymin>
			<ymax>140</ymax>
		</bndbox>
	</object>
</annotation>
