<annotation>
	<folder></folder>
	<filename>AP30_jpg.rf.4400b160ea86ba24095dd887e5da30fc.jpg</filename>
	<path>AP30_jpg.rf.4400b160ea86ba24095dd887e5da30fc.jpg</path>
	<source>
		<database>roboflow.ai</database>
	</source>
	<size>
		<width>300</width>
		<height>300</height>
		<depth>3</depth>
	</size>
	<segmented>0</segmented>
	<object>
		<name>AP31DT9378</name>
		<pose>Unspecified</pose>
		<truncated>0</truncated>
		<difficult>0</difficult>
		<occluded>0</occluded>
		<bndbox>
			<xmin>99</xmin>
			<xmax>191</xmax>
			<ymin>172</ymin>
			<ymax>182</ymax>
		</bndbox>
	</object>
</annotation>
