<annotation>
	<folder></folder>
	<filename>AP33_jpg.rf.edd67ce9f51fc795ac73d4b008b739f7.jpg</filename>
	<path>AP33_jpg.rf.edd67ce9f51fc795ac73d4b008b739f7.jpg</path>
	<source>
		<database>roboflow.ai</database>
	</source>
	<size>
		<width>300</width>
		<height>300</height>
		<depth>3</depth>
	</size>
	<segmented>0</segmented>
	<object>
		<name>AP31DA0020</name>
		<pose>Unspecified</pose>
		<truncated>0</truncated>
		<difficult>0</difficult>
		<occluded>0</occluded>
		<bndbox>
			<xmin>108</xmin>
			<xmax>201</xmax>
			<ymin>144</ymin>
			<ymax>156</ymax>
		</bndbox>
	</object>
</annotation>
