<annotation>
	<folder></folder>
	<filename>AP34_jpg.rf.c46629293f0ed6fd007bd96803e7bfe5.jpg</filename>
	<path>AP34_jpg.rf.c46629293f0ed6fd007bd96803e7bfe5.jpg</path>
	<source>
		<database>roboflow.ai</database>
	</source>
	<size>
		<width>300</width>
		<height>300</height>
		<depth>3</depth>
	</size>
	<segmented>0</segmented>
	<object>
		<name>AP37EJ2277</name>
		<pose>Unspecified</pose>
		<truncated>0</truncated>
		<difficult>0</difficult>
		<occluded>0</occluded>
		<bndbox>
			<xmin>110</xmin>
			<xmax>205</xmax>
			<ymin>20</ymin>
			<ymax>68</ymax>
		</bndbox>
	</object>
</annotation>
