<annotation>
	<folder></folder>
	<filename>AP39_jpg.rf.fb6310d816fb5ea2cfc3a12eaaf75f4d.jpg</filename>
	<path>AP39_jpg.rf.fb6310d816fb5ea2cfc3a12eaaf75f4d.jpg</path>
	<source>
		<database>roboflow.ai</database>
	</source>
	<size>
		<width>300</width>
		<height>300</height>
		<depth>3</depth>
	</size>
	<segmented>0</segmented>
	<object>
		<name>AP05DY3395</name>
		<pose>Unspecified</pose>
		<truncated>0</truncated>
		<difficult>0</difficult>
		<occluded>0</occluded>
		<bndbox>
			<xmin>104</xmin>
			<xmax>184</xmax>
			<ymin>231</ymin>
			<ymax>253</ymax>
		</bndbox>
	</object>
</annotation>
