<annotation>
	<folder></folder>
	<filename>AP3_jpg.rf.c2642ec868f2557cdf632be3775508f9.jpg</filename>
	<path>AP3_jpg.rf.c2642ec868f2557cdf632be3775508f9.jpg</path>
	<source>
		<database>roboflow.ai</database>
	</source>
	<size>
		<width>300</width>
		<height>300</height>
		<depth>3</depth>
	</size>
	<segmented>0</segmented>
	<object>
		<name>AP2D4014</name>
		<pose>Unspecified</pose>
		<truncated>0</truncated>
		<difficult>0</difficult>
		<occluded>0</occluded>
		<bndbox>
			<xmin>193</xmin>
			<xmax>274</xmax>
			<ymin>226</ymin>
			<ymax>265</ymax>
		</bndbox>
	</object>
</annotation>
