<annotation>
	<folder></folder>
	<filename>AP40_jpg.rf.a2cab9524a860e03080ea9e88ebdb39f.jpg</filename>
	<path>AP40_jpg.rf.a2cab9524a860e03080ea9e88ebdb39f.jpg</path>
	<source>
		<database>roboflow.ai</database>
	</source>
	<size>
		<width>300</width>
		<height>300</height>
		<depth>3</depth>
	</size>
	<segmented>0</segmented>
	<object>
		<name>AP04BA4464</name>
		<pose>Unspecified</pose>
		<truncated>0</truncated>
		<difficult>0</difficult>
		<occluded>0</occluded>
		<bndbox>
			<xmin>84</xmin>
			<xmax>186</xmax>
			<ymin>193</ymin>
			<ymax>209</ymax>
		</bndbox>
	</object>
</annotation>
