<annotation>
	<folder></folder>
	<filename>AP43_jpg.rf.c1f94867b0e9b56787a80aa3d6101781.jpg</filename>
	<path>AP43_jpg.rf.c1f94867b0e9b56787a80aa3d6101781.jpg</path>
	<source>
		<database>roboflow.ai</database>
	</source>
	<size>
		<width>300</width>
		<height>300</height>
		<depth>3</depth>
	</size>
	<segmented>0</segmented>
	<object>
		<name>AP31BG7827</name>
		<pose>Unspecified</pose>
		<truncated>0</truncated>
		<difficult>0</difficult>
		<occluded>0</occluded>
		<bndbox>
			<xmin>122</xmin>
			<xmax>219</xmax>
			<ymin>267</ymin>
			<ymax>285</ymax>
		</bndbox>
	</object>
</annotation>
