<annotation>
	<folder></folder>
	<filename>AP45_jpg.rf.e0896e01311e5d5f8a779396ec1dee88.jpg</filename>
	<path>AP45_jpg.rf.e0896e01311e5d5f8a779396ec1dee88.jpg</path>
	<source>
		<database>roboflow.ai</database>
	</source>
	<size>
		<width>300</width>
		<height>300</height>
		<depth>3</depth>
	</size>
	<segmented>0</segmented>
	<object>
		<name>AP31BL2833</name>
		<pose>Unspecified</pose>
		<truncated>0</truncated>
		<difficult>0</difficult>
		<occluded>0</occluded>
		<bndbox>
			<xmin>108</xmin>
			<xmax>201</xmax>
			<ymin>144</ymin>
			<ymax>164</ymax>
		</bndbox>
	</object>
</annotation>
