<annotation>
	<folder></folder>
	<filename>AP46_jpg.rf.b4b9e6470d479ba1e90b1ce5eaf96aa8.jpg</filename>
	<path>AP46_jpg.rf.b4b9e6470d479ba1e90b1ce5eaf96aa8.jpg</path>
	<source>
		<database>roboflow.ai</database>
	</source>
	<size>
		<width>300</width>
		<height>300</height>
		<depth>3</depth>
	</size>
	<segmented>0</segmented>
	<object>
		<name>AP31CS2511</name>
		<pose>Unspecified</pose>
		<truncated>0</truncated>
		<difficult>0</difficult>
		<occluded>0</occluded>
		<bndbox>
			<xmin>82</xmin>
			<xmax>199</xmax>
			<ymin>192</ymin>
			<ymax>210</ymax>
		</bndbox>
	</object>
</annotation>
