<annotation>
	<folder></folder>
	<filename>AP5_jpg.rf.7ce6e152db7cff10e403b19ae5a872a7.jpg</filename>
	<path>AP5_jpg.rf.7ce6e152db7cff10e403b19ae5a872a7.jpg</path>
	<source>
		<database>roboflow.ai</database>
	</source>
	<size>
		<width>300</width>
		<height>300</height>
		<depth>3</depth>
	</size>
	<segmented>0</segmented>
	<object>
		<name>AP39TP0211</name>
		<pose>Unspecified</pose>
		<truncated>0</truncated>
		<difficult>0</difficult>
		<occluded>0</occluded>
		<bndbox>
			<xmin>102</xmin>
			<xmax>171</xmax>
			<ymin>135</ymin>
			<ymax>148</ymax>
		</bndbox>
	</object>
</annotation>
