<annotation>
	<folder></folder>
	<filename>AP6_jpg.rf.e3121a12dea0f30abbb2f92af3c114fc.jpg</filename>
	<path>AP6_jpg.rf.e3121a12dea0f30abbb2f92af3c114fc.jpg</path>
	<source>
		<database>roboflow.ai</database>
	</source>
	<size>
		<width>300</width>
		<height>300</height>
		<depth>3</depth>
	</size>
	<segmented>0</segmented>
	<object>
		<name>AP31TV7236</name>
		<pose>Unspecified</pose>
		<truncated>0</truncated>
		<difficult>0</difficult>
		<occluded>0</occluded>
		<bndbox>
			<xmin>108</xmin>
			<xmax>194</xmax>
			<ymin>253</ymin>
			<ymax>273</ymax>
		</bndbox>
	</object>
</annotation>
