<annotation>
	<folder></folder>
	<filename>AP7_jpg.rf.4bca2dfbb849ee6948faebd7fa39a91b.jpg</filename>
	<path>AP7_jpg.rf.4bca2dfbb849ee6948faebd7fa39a91b.jpg</path>
	<source>
		<database>roboflow.ai</database>
	</source>
	<size>
		<width>300</width>
		<height>300</height>
		<depth>3</depth>
	</size>
	<segmented>0</segmented>
	<object>
		<name>AP31BL8656</name>
		<pose>Unspecified</pose>
		<truncated>0</truncated>
		<difficult>0</difficult>
		<occluded>0</occluded>
		<bndbox>
			<xmin>87</xmin>
			<xmax>174</xmax>
			<ymin>183</ymin>
			<ymax>197</ymax>
		</bndbox>
	</object>
</annotation>
