<annotation>
	<folder></folder>
	<filename>AP8_jpg.rf.ed41997fce431a73ce8b80c345132101.jpg</filename>
	<path>AP8_jpg.rf.ed41997fce431a73ce8b80c345132101.jpg</path>
	<source>
		<database>roboflow.ai</database>
	</source>
	<size>
		<width>300</width>
		<height>300</height>
		<depth>3</depth>
	</size>
	<segmented>0</segmented>
	<object>
		<name>AP16DP7065</name>
		<pose>Unspecified</pose>
		<truncated>0</truncated>
		<difficult>0</difficult>
		<occluded>0</occluded>
		<bndbox>
			<xmin>110</xmin>
			<xmax>190</xmax>
			<ymin>181</ymin>
			<ymax>195</ymax>
		</bndbox>
	</object>
</annotation>
