<annotation>
	<folder></folder>
	<filename>AR11_jpg.rf.abafe684027266b6b7079d2b05d38a4e.jpg</filename>
	<path>AR11_jpg.rf.abafe684027266b6b7079d2b05d38a4e.jpg</path>
	<source>
		<database>roboflow.ai</database>
	</source>
	<size>
		<width>300</width>
		<height>300</height>
		<depth>3</depth>
	</size>
	<segmented>0</segmented>
	<object>
		<name>AR01J0123</name>
		<pose>Unspecified</pose>
		<truncated>0</truncated>
		<difficult>0</difficult>
		<occluded>0</occluded>
		<bndbox>
			<xmin>29</xmin>
			<xmax>239</xmax>
			<ymin>209</ymin>
			<ymax>225</ymax>
		</bndbox>
	</object>
</annotation>
