<annotation>
	<folder></folder>
	<filename>AR12_jpg.rf.df9e9921a6036b4e8c50a3e3604d4642.jpg</filename>
	<path>AR12_jpg.rf.df9e9921a6036b4e8c50a3e3604d4642.jpg</path>
	<source>
		<database>roboflow.ai</database>
	</source>
	<size>
		<width>300</width>
		<height>300</height>
		<depth>3</depth>
	</size>
	<segmented>0</segmented>
	<object>
		<name>AR118724</name>
		<pose>Unspecified</pose>
		<truncated>0</truncated>
		<difficult>0</difficult>
		<occluded>0</occluded>
		<bndbox>
			<xmin>121</xmin>
			<xmax>194</xmax>
			<ymin>200</ymin>
			<ymax>222</ymax>
		</bndbox>
	</object>
</annotation>
