<annotation>
	<folder></folder>
	<filename>AR13_jpg.rf.3ef94c6865520d64d80b25e3b1e35667.jpg</filename>
	<path>AR13_jpg.rf.3ef94c6865520d64d80b25e3b1e35667.jpg</path>
	<source>
		<database>roboflow.ai</database>
	</source>
	<size>
		<width>300</width>
		<height>300</height>
		<depth>3</depth>
	</size>
	<segmented>0</segmented>
	<object>
		<name>AR200692</name>
		<pose>Unspecified</pose>
		<truncated>0</truncated>
		<difficult>0</difficult>
		<occluded>0</occluded>
		<bndbox>
			<xmin>103</xmin>
			<xmax>199</xmax>
			<ymin>87</ymin>
			<ymax>140</ymax>
		</bndbox>
	</object>
</annotation>
