<annotation>
	<folder></folder>
	<filename>AR1_jpg.rf.634a752d906906ec0de960c9446e46ba.jpg</filename>
	<path>AR1_jpg.rf.634a752d906906ec0de960c9446e46ba.jpg</path>
	<source>
		<database>roboflow.ai</database>
	</source>
	<size>
		<width>300</width>
		<height>300</height>
		<depth>3</depth>
	</size>
	<segmented>0</segmented>
	<object>
		<name>AR048395</name>
		<pose>Unspecified</pose>
		<truncated>0</truncated>
		<difficult>0</difficult>
		<occluded>0</occluded>
		<bndbox>
			<xmin>109</xmin>
			<xmax>172</xmax>
			<ymin>215</ymin>
			<ymax>238</ymax>
		</bndbox>
	</object>
</annotation>
