<annotation>
	<folder></folder>
	<filename>AR7_jpg.rf.5d68910e8dc9d8b7092d69684eb7a18b.jpg</filename>
	<path>AR7_jpg.rf.5d68910e8dc9d8b7092d69684eb7a18b.jpg</path>
	<source>
		<database>roboflow.ai</database>
	</source>
	<size>
		<width>300</width>
		<height>300</height>
		<depth>3</depth>
	</size>
	<segmented>0</segmented>
	<object>
		<name>AR02A7116</name>
		<pose>Unspecified</pose>
		<truncated>0</truncated>
		<difficult>0</difficult>
		<occluded>0</occluded>
		<bndbox>
			<xmin>95</xmin>
			<xmax>180</xmax>
			<ymin>110</ymin>
			<ymax>145</ymax>
		</bndbox>
	</object>
</annotation>
