<annotation>
	<folder></folder>
	<filename>AR8_jpg.rf.8007c6b7259213c2ba06618acbfca3b8.jpg</filename>
	<path>AR8_jpg.rf.8007c6b7259213c2ba06618acbfca3b8.jpg</path>
	<source>
		<database>roboflow.ai</database>
	</source>
	<size>
		<width>300</width>
		<height>300</height>
		<depth>3</depth>
	</size>
	<segmented>0</segmented>
	<object>
		<name>AR08983</name>
		<pose>Unspecified</pose>
		<truncated>0</truncated>
		<difficult>0</difficult>
		<occluded>0</occluded>
		<bndbox>
			<xmin>36</xmin>
			<xmax>81</xmax>
			<ymin>152</ymin>
			<ymax>161</ymax>
		</bndbox>
	</object>
</annotation>
