<annotation>
	<folder></folder>
	<filename>AR9_jpg.rf.a7f554cd0c829705943a63aca888ad24.jpg</filename>
	<path>AR9_jpg.rf.a7f554cd0c829705943a63aca888ad24.jpg</path>
	<source>
		<database>roboflow.ai</database>
	</source>
	<size>
		<width>300</width>
		<height>300</height>
		<depth>3</depth>
	</size>
	<segmented>0</segmented>
	<object>
		<name>AR01E1034</name>
		<pose>Unspecified</pose>
		<truncated>0</truncated>
		<difficult>0</difficult>
		<occluded>0</occluded>
		<bndbox>
			<xmin>109</xmin>
			<xmax>207</xmax>
			<ymin>221</ymin>
			<ymax>236</ymax>
		</bndbox>
	</object>
</annotation>
