<annotation>
	<folder></folder>
	<filename>AS10_jpg.rf.94991270ea36248e50b18a567e7605f3.jpg</filename>
	<path>AS10_jpg.rf.94991270ea36248e50b18a567e7605f3.jpg</path>
	<source>
		<database>roboflow.ai</database>
	</source>
	<size>
		<width>300</width>
		<height>300</height>
		<depth>3</depth>
	</size>
	<segmented>0</segmented>
	<object>
		<name>AS01DG6002</name>
		<pose>Unspecified</pose>
		<truncated>0</truncated>
		<difficult>0</difficult>
		<occluded>0</occluded>
		<bndbox>
			<xmin>109</xmin>
			<xmax>195</xmax>
			<ymin>179</ymin>
			<ymax>189</ymax>
		</bndbox>
	</object>
</annotation>
