<annotation>
	<folder></folder>
	<filename>AS11_jpg.rf.a9f65889b7f131487bac7c1441bea0a7.jpg</filename>
	<path>AS11_jpg.rf.a9f65889b7f131487bac7c1441bea0a7.jpg</path>
	<source>
		<database>roboflow.ai</database>
	</source>
	<size>
		<width>300</width>
		<height>300</height>
		<depth>3</depth>
	</size>
	<segmented>0</segmented>
	<object>
		<name>AS01DS7523</name>
		<pose>Unspecified</pose>
		<truncated>0</truncated>
		<difficult>0</difficult>
		<occluded>0</occluded>
		<bndbox>
			<xmin>104</xmin>
			<xmax>156</xmax>
			<ymin>196</ymin>
			<ymax>217</ymax>
		</bndbox>
	</object>
</annotation>
