<annotation>
	<folder></folder>
	<filename>AS13_jpg.rf.cdd6ef7187861961cabbb2be04509b03.jpg</filename>
	<path>AS13_jpg.rf.cdd6ef7187861961cabbb2be04509b03.jpg</path>
	<source>
		<database>roboflow.ai</database>
	</source>
	<size>
		<width>300</width>
		<height>300</height>
		<depth>3</depth>
	</size>
	<segmented>0</segmented>
	<object>
		<name>AS25S6858</name>
		<pose>Unspecified</pose>
		<truncated>0</truncated>
		<difficult>0</difficult>
		<occluded>0</occluded>
		<bndbox>
			<xmin>133</xmin>
			<xmax>188</xmax>
			<ymin>185</ymin>
			<ymax>204</ymax>
		</bndbox>
	</object>
</annotation>
