<annotation>
	<folder></folder>
	<filename>AS14_jpg.rf.3f8358042d76fecce99921feac99b05f.jpg</filename>
	<path>AS14_jpg.rf.3f8358042d76fecce99921feac99b05f.jpg</path>
	<source>
		<database>roboflow.ai</database>
	</source>
	<size>
		<width>300</width>
		<height>300</height>
		<depth>3</depth>
	</size>
	<segmented>0</segmented>
	<object>
		<name>AS018P2415</name>
		<pose>Unspecified</pose>
		<truncated>0</truncated>
		<difficult>0</difficult>
		<occluded>0</occluded>
		<bndbox>
			<xmin>93</xmin>
			<xmax>204</xmax>
			<ymin>234</ymin>
			<ymax>250</ymax>
		</bndbox>
	</object>
</annotation>
