<annotation>
	<folder></folder>
	<filename>AS15_jpg.rf.420cde88bd28d6fbc36d94ae0f64ccab.jpg</filename>
	<path>AS15_jpg.rf.420cde88bd28d6fbc36d94ae0f64ccab.jpg</path>
	<source>
		<database>roboflow.ai</database>
	</source>
	<size>
		<width>300</width>
		<height>300</height>
		<depth>3</depth>
	</size>
	<segmented>0</segmented>
	<object>
		<name>AS01BF9673</name>
		<pose>Unspecified</pose>
		<truncated>0</truncated>
		<difficult>0</difficult>
		<occluded>0</occluded>
		<bndbox>
			<xmin>95</xmin>
			<xmax>195</xmax>
			<ymin>245</ymin>
			<ymax>262</ymax>
		</bndbox>
	</object>
</annotation>
