<annotation>
	<folder></folder>
	<filename>AS16_jpg.rf.333094ecc27ee03c0ef815c4a1ff39cd.jpg</filename>
	<path>AS16_jpg.rf.333094ecc27ee03c0ef815c4a1ff39cd.jpg</path>
	<source>
		<database>roboflow.ai</database>
	</source>
	<size>
		<width>300</width>
		<height>300</height>
		<depth>3</depth>
	</size>
	<segmented>0</segmented>
	<object>
		<name>AS01AL3746</name>
		<pose>Unspecified</pose>
		<truncated>0</truncated>
		<difficult>0</difficult>
		<occluded>0</occluded>
		<bndbox>
			<xmin>89</xmin>
			<xmax>191</xmax>
			<ymin>222</ymin>
			<ymax>241</ymax>
		</bndbox>
	</object>
</annotation>
