<annotation>
	<folder></folder>
	<filename>AS17_jpg.rf.7099eb2c85ef9c3c931a093c74f577ad.jpg</filename>
	<path>AS17_jpg.rf.7099eb2c85ef9c3c931a093c74f577ad.jpg</path>
	<source>
		<database>roboflow.ai</database>
	</source>
	<size>
		<width>300</width>
		<height>300</height>
		<depth>3</depth>
	</size>
	<segmented>0</segmented>
	<object>
		<name>AS01AR1986</name>
		<pose>Unspecified</pose>
		<truncated>0</truncated>
		<difficult>0</difficult>
		<occluded>0</occluded>
		<bndbox>
			<xmin>99</xmin>
			<xmax>202</xmax>
			<ymin>220</ymin>
			<ymax>236</ymax>
		</bndbox>
	</object>
</annotation>
