<annotation>
	<folder></folder>
	<filename>AS18_jpg.rf.c650d6c217d8f7b365102c7eb7e3b223.jpg</filename>
	<path>AS18_jpg.rf.c650d6c217d8f7b365102c7eb7e3b223.jpg</path>
	<source>
		<database>roboflow.ai</database>
	</source>
	<size>
		<width>300</width>
		<height>300</height>
		<depth>3</depth>
	</size>
	<segmented>0</segmented>
	<object>
		<name>AS04P4549</name>
		<pose>Unspecified</pose>
		<truncated>0</truncated>
		<difficult>0</difficult>
		<occluded>0</occluded>
		<bndbox>
			<xmin>105</xmin>
			<xmax>163</xmax>
			<ymin>178</ymin>
			<ymax>189</ymax>
		</bndbox>
	</object>
</annotation>
