<annotation>
	<folder></folder>
	<filename>AS1_jpg.rf.7c9722f6de32da26bc2a6510d6d807b4.jpg</filename>
	<path>AS1_jpg.rf.7c9722f6de32da26bc2a6510d6d807b4.jpg</path>
	<source>
		<database>roboflow.ai</database>
	</source>
	<size>
		<width>300</width>
		<height>300</height>
		<depth>3</depth>
	</size>
	<segmented>0</segmented>
	<object>
		<name>AS23H2866</name>
		<pose>Unspecified</pose>
		<truncated>0</truncated>
		<difficult>0</difficult>
		<occluded>0</occluded>
		<bndbox>
			<xmin>158</xmin>
			<xmax>238</xmax>
			<ymin>208</ymin>
			<ymax>224</ymax>
		</bndbox>
	</object>
</annotation>
