<annotation>
	<folder></folder>
	<filename>AS20_jpg.rf.07b3180c2ae252f1ca8ec443b94ab6c2.jpg</filename>
	<path>AS20_jpg.rf.07b3180c2ae252f1ca8ec443b94ab6c2.jpg</path>
	<source>
		<database>roboflow.ai</database>
	</source>
	<size>
		<width>300</width>
		<height>300</height>
		<depth>3</depth>
	</size>
	<segmented>0</segmented>
	<object>
		<name>AS01AT8119</name>
		<pose>Unspecified</pose>
		<truncated>0</truncated>
		<difficult>0</difficult>
		<occluded>0</occluded>
		<bndbox>
			<xmin>56</xmin>
			<xmax>126</xmax>
			<ymin>196</ymin>
			<ymax>241</ymax>
		</bndbox>
	</object>
</annotation>
