<annotation>
	<folder></folder>
	<filename>AS24_jpg.rf.af6b8777851c3b1016104d256f245dec.jpg</filename>
	<path>AS24_jpg.rf.af6b8777851c3b1016104d256f245dec.jpg</path>
	<source>
		<database>roboflow.ai</database>
	</source>
	<size>
		<width>300</width>
		<height>300</height>
		<depth>3</depth>
	</size>
	<segmented>0</segmented>
	<object>
		<name>AS23G2612</name>
		<pose>Unspecified</pose>
		<truncated>0</truncated>
		<difficult>0</difficult>
		<occluded>0</occluded>
		<bndbox>
			<xmin>99</xmin>
			<xmax>202</xmax>
			<ymin>192</ymin>
			<ymax>205</ymax>
		</bndbox>
	</object>
</annotation>
