<annotation>
	<folder></folder>
	<filename>AS25_jpg.rf.805d89edff400214c990b0e29f2e6139.jpg</filename>
	<path>AS25_jpg.rf.805d89edff400214c990b0e29f2e6139.jpg</path>
	<source>
		<database>roboflow.ai</database>
	</source>
	<size>
		<width>300</width>
		<height>300</height>
		<depth>3</depth>
	</size>
	<segmented>0</segmented>
	<object>
		<name>AS01BS4362</name>
		<pose>Unspecified</pose>
		<truncated>0</truncated>
		<difficult>0</difficult>
		<occluded>0</occluded>
		<bndbox>
			<xmin>106</xmin>
			<xmax>183</xmax>
			<ymin>211</ymin>
			<ymax>238</ymax>
		</bndbox>
	</object>
</annotation>
