<annotation>
	<folder></folder>
	<filename>AS2_jpg.rf.5221c658d6ef5a46a6f7e02ce1595d24.jpg</filename>
	<path>AS2_jpg.rf.5221c658d6ef5a46a6f7e02ce1595d24.jpg</path>
	<source>
		<database>roboflow.ai</database>
	</source>
	<size>
		<width>300</width>
		<height>300</height>
		<depth>3</depth>
	</size>
	<segmented>0</segmented>
	<object>
		<name>AS07AC6653</name>
		<pose>Unspecified</pose>
		<truncated>0</truncated>
		<difficult>0</difficult>
		<occluded>0</occluded>
		<bndbox>
			<xmin>109</xmin>
			<xmax>208</xmax>
			<ymin>206</ymin>
			<ymax>222</ymax>
		</bndbox>
	</object>
</annotation>
