<annotation>
	<folder></folder>
	<filename>AS3_jpg.rf.ac58bf218b5fea4a1fdb5960a04e37ea.jpg</filename>
	<path>AS3_jpg.rf.ac58bf218b5fea4a1fdb5960a04e37ea.jpg</path>
	<source>
		<database>roboflow.ai</database>
	</source>
	<size>
		<width>300</width>
		<height>300</height>
		<depth>3</depth>
	</size>
	<segmented>0</segmented>
	<object>
		<name>AS23E0596</name>
		<pose>Unspecified</pose>
		<truncated>0</truncated>
		<difficult>0</difficult>
		<occluded>0</occluded>
		<bndbox>
			<xmin>78</xmin>
			<xmax>135</xmax>
			<ymin>204</ymin>
			<ymax>242</ymax>
		</bndbox>
	</object>
</annotation>
