<annotation>
	<folder></folder>
	<filename>AS6_jpg.rf.511a2521d4a6231da5b85eb851eb7e23.jpg</filename>
	<path>AS6_jpg.rf.511a2521d4a6231da5b85eb851eb7e23.jpg</path>
	<source>
		<database>roboflow.ai</database>
	</source>
	<size>
		<width>300</width>
		<height>300</height>
		<depth>3</depth>
	</size>
	<segmented>0</segmented>
	<object>
		<name>AS12S6951</name>
		<pose>Unspecified</pose>
		<truncated>0</truncated>
		<difficult>0</difficult>
		<occluded>0</occluded>
		<bndbox>
			<xmin>25</xmin>
			<xmax>100</xmax>
			<ymin>226</ymin>
			<ymax>258</ymax>
		</bndbox>
	</object>
</annotation>
