<annotation>
	<folder></folder>
	<filename>AS7_jpg.rf.8a20b1a63a17abf440f90ea381564cec.jpg</filename>
	<path>AS7_jpg.rf.8a20b1a63a17abf440f90ea381564cec.jpg</path>
	<source>
		<database>roboflow.ai</database>
	</source>
	<size>
		<width>300</width>
		<height>300</height>
		<depth>3</depth>
	</size>
	<segmented>0</segmented>
	<object>
		<name>AS06Q4437</name>
		<pose>Unspecified</pose>
		<truncated>0</truncated>
		<difficult>0</difficult>
		<occluded>0</occluded>
		<bndbox>
			<xmin>67</xmin>
			<xmax>141</xmax>
			<ymin>214</ymin>
			<ymax>242</ymax>
		</bndbox>
	</object>
</annotation>
