<annotation>
	<folder></folder>
	<filename>AS8_jpg.rf.8af6861797deccb1df953789806a539e.jpg</filename>
	<path>AS8_jpg.rf.8af6861797deccb1df953789806a539e.jpg</path>
	<source>
		<database>roboflow.ai</database>
	</source>
	<size>
		<width>300</width>
		<height>300</height>
		<depth>3</depth>
	</size>
	<segmented>0</segmented>
	<object>
		<name>AS01AM1419</name>
		<pose>Unspecified</pose>
		<truncated>0</truncated>
		<difficult>0</difficult>
		<occluded>0</occluded>
		<bndbox>
			<xmin>107</xmin>
			<xmax>181</xmax>
			<ymin>201</ymin>
			<ymax>214</ymax>
		</bndbox>
	</object>
</annotation>
