<annotation>
	<folder></folder>
	<filename>AS9_jpg.rf.f1379204c1c8550fba06087e20d7f69e.jpg</filename>
	<path>AS9_jpg.rf.f1379204c1c8550fba06087e20d7f69e.jpg</path>
	<source>
		<database>roboflow.ai</database>
	</source>
	<size>
		<width>300</width>
		<height>300</height>
		<depth>3</depth>
	</size>
	<segmented>0</segmented>
	<object>
		<name>AS04X2780</name>
		<pose>Unspecified</pose>
		<truncated>0</truncated>
		<difficult>0</difficult>
		<occluded>0</occluded>
		<bndbox>
			<xmin>110</xmin>
			<xmax>190</xmax>
			<ymin>198</ymin>
			<ymax>222</ymax>
		</bndbox>
	</object>
</annotation>
