<annotation>
	<folder></folder>
	<filename>b176b317-68a9-4c38-ac39-55e5244c9b9c___60653-jpg_jpeg.rf.d39dde26a04613f067197476bdabb0b5.jpg</filename>
	<path>b176b317-68a9-4c38-ac39-55e5244c9b9c___60653-jpg_jpeg.rf.d39dde26a04613f067197476bdabb0b5.jpg</path>
	<source>
		<database>roboflow.ai</database>
	</source>
	<size>
		<width>300</width>
		<height>300</height>
		<depth>3</depth>
	</size>
	<segmented>0</segmented>
	<object>
		<name>MH02AJ344</name>
		<pose>Unspecified</pose>
		<truncated>0</truncated>
		<difficult>0</difficult>
		<occluded>0</occluded>
		<bndbox>
			<xmin>148</xmin>
			<xmax>255</xmax>
			<ymin>102</ymin>
			<ymax>227</ymax>
		</bndbox>
	</object>
</annotation>
