<annotation>
	<folder></folder>
	<filename>b3e82163-400b-4211-bb99-a5b53fb13a25___new_IMG_8883-jpg_jpeg.rf.9320323b9953db79de41bf8fee435005.jpg</filename>
	<path>b3e82163-400b-4211-bb99-a5b53fb13a25___new_IMG_8883-jpg_jpeg.rf.9320323b9953db79de41bf8fee435005.jpg</path>
	<source>
		<database>roboflow.ai</database>
	</source>
	<size>
		<width>300</width>
		<height>300</height>
		<depth>3</depth>
	</size>
	<segmented>0</segmented>
	<object>
		<name>MH20BY3665</name>
		<pose>Unspecified</pose>
		<truncated>0</truncated>
		<difficult>0</difficult>
		<occluded>0</occluded>
		<bndbox>
			<xmin>56</xmin>
			<xmax>236</xmax>
			<ymin>110</ymin>
			<ymax>181</ymax>
		</bndbox>
	</object>
</annotation>
