<annotation>
	<folder></folder>
	<filename>b4eb91cd-3e77-40c2-bbe6-13d42f2ea4ba___INNOVA_Euro_Number_Plates-jpg_jpeg.rf.ca5727d8d047f433dc4b039c272ad892.jpg</filename>
	<path>b4eb91cd-3e77-40c2-bbe6-13d42f2ea4ba___INNOVA_Euro_Number_Plates-jpg_jpeg.rf.ca5727d8d047f433dc4b039c272ad892.jpg</path>
	<source>
		<database>roboflow.ai</database>
	</source>
	<size>
		<width>300</width>
		<height>300</height>
		<depth>3</depth>
	</size>
	<segmented>0</segmented>
	<object>
		<name>KL43B2344</name>
		<pose>Unspecified</pose>
		<truncated>0</truncated>
		<difficult>0</difficult>
		<occluded>0</occluded>
		<bndbox>
			<xmin>98</xmin>
			<xmax>204</xmax>
			<ymin>130</ymin>
			<ymax>166</ymax>
		</bndbox>
	</object>
</annotation>
