<annotation>
	<folder></folder>
	<filename>b78259be-7ef5-4499-b9a2-2b8a37660e8b___Maruti-Suzuki-Celerio-Front-Number-Plates-Design-jpg_jpeg.rf.23a447350da4387525f18c2083ab8104.jpg</filename>
	<path>b78259be-7ef5-4499-b9a2-2b8a37660e8b___Maruti-Suzuki-Celerio-Front-Number-Plates-Design-jpg_jpeg.rf.23a447350da4387525f18c2083ab8104.jpg</path>
	<source>
		<database>roboflow.ai</database>
	</source>
	<size>
		<width>300</width>
		<height>300</height>
		<depth>3</depth>
	</size>
	<segmented>0</segmented>
	<object>
		<name>KL10AW2814</name>
		<pose>Unspecified</pose>
		<truncated>0</truncated>
		<difficult>0</difficult>
		<occluded>0</occluded>
		<bndbox>
			<xmin>102</xmin>
			<xmax>217</xmax>
			<ymin>121</ymin>
			<ymax>155</ymax>
		</bndbox>
	</object>
</annotation>
