<annotation>
	<folder></folder>
	<filename>b78553c7-977e-49a2-b3d2-42825d83c8b0___1557297d1474517501-toyota-innova-crysta-official-review-20160920_191445-jpg_jpeg.rf.5e22cc8604ef6c8085f88940fd24f809.jpg</filename>
	<path>b78553c7-977e-49a2-b3d2-42825d83c8b0___1557297d1474517501-toyota-innova-crysta-official-review-20160920_191445-jpg_jpeg.rf.5e22cc8604ef6c8085f88940fd24f809.jpg</path>
	<source>
		<database>roboflow.ai</database>
	</source>
	<size>
		<width>300</width>
		<height>300</height>
		<depth>3</depth>
	</size>
	<segmented>0</segmented>
	<object>
		<name>KL01KL0KL01</name>
		<pose>Unspecified</pose>
		<truncated>0</truncated>
		<difficult>0</difficult>
		<occluded>0</occluded>
		<bndbox>
			<xmin>34</xmin>
			<xmax>132</xmax>
			<ymin>150</ymin>
			<ymax>208</ymax>
		</bndbox>
	</object>
</annotation>
