<annotation>
	<folder></folder>
	<filename>b79f870d-15c7-48e3-8874-7c0e53e29f75___3e7fd381-0ae5-4421-8a70-279ee0ec1c61_754eab882b8290b29a0454dd45580a39_555X416_1-Copy-2-_jpg.rf.ecb7c8c6f4711c0a3ee28436e79235f3.jpg</filename>
	<path>b79f870d-15c7-48e3-8874-7c0e53e29f75___3e7fd381-0ae5-4421-8a70-279ee0ec1c61_754eab882b8290b29a0454dd45580a39_555X416_1-Copy-2-_jpg.rf.ecb7c8c6f4711c0a3ee28436e79235f3.jpg</path>
	<source>
		<database>roboflow.ai</database>
	</source>
	<size>
		<width>300</width>
		<height>300</height>
		<depth>3</depth>
	</size>
	<segmented>0</segmented>
	<object>
		<name>HR26CP3135</name>
		<pose>Unspecified</pose>
		<truncated>0</truncated>
		<difficult>0</difficult>
		<occluded>0</occluded>
		<bndbox>
			<xmin>105</xmin>
			<xmax>185</xmax>
			<ymin>185</ymin>
			<ymax>217</ymax>
		</bndbox>
	</object>
</annotation>
