<annotation>
	<folder></folder>
	<filename>b79f870d-15c7-48e3-8874-7c0e53e29f75___3e7fd381-0ae5-4421-8a70-279ee0ec1c61_754eab882b8290b29a0454dd45580a39_555X416_1_jpg.rf.8a8177bd8e26156949fb5982a2608c3d.jpg</filename>
	<path>b79f870d-15c7-48e3-8874-7c0e53e29f75___3e7fd381-0ae5-4421-8a70-279ee0ec1c61_754eab882b8290b29a0454dd45580a39_555X416_1_jpg.rf.8a8177bd8e26156949fb5982a2608c3d.jpg</path>
	<source>
		<database>roboflow.ai</database>
	</source>
	<size>
		<width>300</width>
		<height>300</height>
		<depth>3</depth>
	</size>
	<segmented>0</segmented>
	<object>
		<name>RJ27TC0530</name>
		<pose>Unspecified</pose>
		<truncated>0</truncated>
		<difficult>0</difficult>
		<occluded>0</occluded>
		<bndbox>
			<xmin>164</xmin>
			<xmax>254</xmax>
			<ymin>176</ymin>
			<ymax>208</ymax>
		</bndbox>
	</object>
</annotation>
