<annotation>
	<folder></folder>
	<filename>b9467810-4022-4cf5-87e7-fed0d63c8e2f___new_1658240d1500548920-close-look-2017-skoda-octavia-facelift-hands-free-parking-front-bumper-jpg_jpeg.rf.41ececa114e564847f371a4349798abd.jpg</filename>
	<path>b9467810-4022-4cf5-87e7-fed0d63c8e2f___new_1658240d1500548920-close-look-2017-skoda-octavia-facelift-hands-free-parking-front-bumper-jpg_jpeg.rf.41ececa114e564847f371a4349798abd.jpg</path>
	<source>
		<database>roboflow.ai</database>
	</source>
	<size>
		<width>300</width>
		<height>300</height>
		<depth>3</depth>
	</size>
	<segmented>0</segmented>
	<object>
		<name>MH20EE7597</name>
		<pose>Unspecified</pose>
		<truncated>0</truncated>
		<difficult>0</difficult>
		<occluded>0</occluded>
		<bndbox>
			<xmin>98</xmin>
			<xmax>201</xmax>
			<ymin>118</ymin>
			<ymax>158</ymax>
		</bndbox>
	</object>
</annotation>
