<annotation>
	<folder></folder>
	<filename>bb767d81-73b4-4c47-b619-7efde490b199___3e7fd381-0ae5-4421-8a70-279ee0ec1c61_oem-name0-Copy_jpg.rf.ad213a8d40aa66cf2d7188fa135e4bc4.jpg</filename>
	<path>bb767d81-73b4-4c47-b619-7efde490b199___3e7fd381-0ae5-4421-8a70-279ee0ec1c61_oem-name0-Copy_jpg.rf.ad213a8d40aa66cf2d7188fa135e4bc4.jpg</path>
	<source>
		<database>roboflow.ai</database>
	</source>
	<size>
		<width>300</width>
		<height>300</height>
		<depth>3</depth>
	</size>
	<segmented>0</segmented>
	<object>
		<name>RJ27TC0530</name>
		<pose>Unspecified</pose>
		<truncated>0</truncated>
		<difficult>0</difficult>
		<occluded>0</occluded>
		<bndbox>
			<xmin>103</xmin>
			<xmax>180</xmax>
			<ymin>223</ymin>
			<ymax>235</ymax>
		</bndbox>
	</object>
</annotation>
