<annotation>
	<folder></folder>
	<filename>be483d11-33f0-4c1f-87b6-9844eea28996___1093346d1370435964-take-look-number-plate-photo-jpg_jpeg.rf.3474b7a7cbb3320e403e9e93470c8e70.jpg</filename>
	<path>be483d11-33f0-4c1f-87b6-9844eea28996___1093346d1370435964-take-look-number-plate-photo-jpg_jpeg.rf.3474b7a7cbb3320e403e9e93470c8e70.jpg</path>
	<source>
		<database>roboflow.ai</database>
	</source>
	<size>
		<width>300</width>
		<height>300</height>
		<depth>3</depth>
	</size>
	<segmented>0</segmented>
	<object>
		<name>KA5122727</name>
		<pose>Unspecified</pose>
		<truncated>0</truncated>
		<difficult>0</difficult>
		<occluded>0</occluded>
		<bndbox>
			<xmin>147</xmin>
			<xmax>213</xmax>
			<ymin>146</ymin>
			<ymax>169</ymax>
		</bndbox>
	</object>
</annotation>
