<annotation>
	<folder></folder>
	<filename>bff789cd-2d58-4399-a55e-33be55f313e3___IMG_0472-jpg_jpeg.rf.1d5bbd91e63383fc0294f390d2fb7348.jpg</filename>
	<path>bff789cd-2d58-4399-a55e-33be55f313e3___IMG_0472-jpg_jpeg.rf.1d5bbd91e63383fc0294f390d2fb7348.jpg</path>
	<source>
		<database>roboflow.ai</database>
	</source>
	<size>
		<width>300</width>
		<height>300</height>
		<depth>3</depth>
	</size>
	<segmented>0</segmented>
	<object>
		<name>MH02CT2727</name>
		<pose>Unspecified</pose>
		<truncated>0</truncated>
		<difficult>0</difficult>
		<occluded>0</occluded>
		<bndbox>
			<xmin>117</xmin>
			<xmax>207</xmax>
			<ymin>189</ymin>
			<ymax>220</ymax>
		</bndbox>
	</object>
</annotation>
