<annotation>
	<folder></folder>
	<filename>BR10_jpg.rf.cc1eba69a54cb0e02accd9e64f4bbf06.jpg</filename>
	<path>BR10_jpg.rf.cc1eba69a54cb0e02accd9e64f4bbf06.jpg</path>
	<source>
		<database>roboflow.ai</database>
	</source>
	<size>
		<width>300</width>
		<height>300</height>
		<depth>3</depth>
	</size>
	<segmented>0</segmented>
	<object>
		<name>BR32PA6558</name>
		<pose>Unspecified</pose>
		<truncated>0</truncated>
		<difficult>0</difficult>
		<occluded>0</occluded>
		<bndbox>
			<xmin>124</xmin>
			<xmax>212</xmax>
			<ymin>194</ymin>
			<ymax>211</ymax>
		</bndbox>
	</object>
</annotation>
