<annotation>
	<folder></folder>
	<filename>BR11_jpg.rf.22a72316721b2ed4b4359d8edca10fd3.jpg</filename>
	<path>BR11_jpg.rf.22a72316721b2ed4b4359d8edca10fd3.jpg</path>
	<source>
		<database>roboflow.ai</database>
	</source>
	<size>
		<width>300</width>
		<height>300</height>
		<depth>3</depth>
	</size>
	<segmented>0</segmented>
	<object>
		<name>BR02AF7424</name>
		<pose>Unspecified</pose>
		<truncated>0</truncated>
		<difficult>0</difficult>
		<occluded>0</occluded>
		<bndbox>
			<xmin>85</xmin>
			<xmax>155</xmax>
			<ymin>175</ymin>
			<ymax>186</ymax>
		</bndbox>
	</object>
</annotation>
