<annotation>
	<folder></folder>
	<filename>BR12_jpg.rf.e9dc5601eb85844aa5951be40311c594.jpg</filename>
	<path>BR12_jpg.rf.e9dc5601eb85844aa5951be40311c594.jpg</path>
	<source>
		<database>roboflow.ai</database>
	</source>
	<size>
		<width>300</width>
		<height>300</height>
		<depth>3</depth>
	</size>
	<segmented>0</segmented>
	<object>
		<name>BR03PA3803</name>
		<pose>Unspecified</pose>
		<truncated>0</truncated>
		<difficult>0</difficult>
		<occluded>0</occluded>
		<bndbox>
			<xmin>117</xmin>
			<xmax>170</xmax>
			<ymin>254</ymin>
			<ymax>275</ymax>
		</bndbox>
	</object>
</annotation>
