<annotation>
	<folder></folder>
	<filename>BR13_jpg.rf.20d5f44aaf86369b9bc2a22ee9f95202.jpg</filename>
	<path>BR13_jpg.rf.20d5f44aaf86369b9bc2a22ee9f95202.jpg</path>
	<source>
		<database>roboflow.ai</database>
	</source>
	<size>
		<width>300</width>
		<height>300</height>
		<depth>3</depth>
	</size>
	<segmented>0</segmented>
	<object>
		<name>BR01PL7594</name>
		<pose>Unspecified</pose>
		<truncated>0</truncated>
		<difficult>0</difficult>
		<occluded>0</occluded>
		<bndbox>
			<xmin>107</xmin>
			<xmax>183</xmax>
			<ymin>162</ymin>
			<ymax>176</ymax>
		</bndbox>
	</object>
</annotation>
