<annotation>
	<folder></folder>
	<filename>BR15_jpg.rf.e16a9a5aefd60f8fbec4b98264072973.jpg</filename>
	<path>BR15_jpg.rf.e16a9a5aefd60f8fbec4b98264072973.jpg</path>
	<source>
		<database>roboflow.ai</database>
	</source>
	<size>
		<width>300</width>
		<height>300</height>
		<depth>3</depth>
	</size>
	<segmented>0</segmented>
	<object>
		<name>BR01BR5435</name>
		<pose>Unspecified</pose>
		<truncated>0</truncated>
		<difficult>0</difficult>
		<occluded>0</occluded>
		<bndbox>
			<xmin>85</xmin>
			<xmax>160</xmax>
			<ymin>181</ymin>
			<ymax>243</ymax>
		</bndbox>
	</object>
</annotation>
