<annotation>
	<folder></folder>
	<filename>BR16_jpg.rf.f7e6a580c4b414067b50fee7d4b037d9.jpg</filename>
	<path>BR16_jpg.rf.f7e6a580c4b414067b50fee7d4b037d9.jpg</path>
	<source>
		<database>roboflow.ai</database>
	</source>
	<size>
		<width>300</width>
		<height>300</height>
		<depth>3</depth>
	</size>
	<segmented>0</segmented>
	<object>
		<name>BR33M0001</name>
		<pose>Unspecified</pose>
		<truncated>0</truncated>
		<difficult>0</difficult>
		<occluded>0</occluded>
		<bndbox>
			<xmin>48</xmin>
			<xmax>124</xmax>
			<ymin>211</ymin>
			<ymax>236</ymax>
		</bndbox>
	</object>
</annotation>
