<annotation>
	<folder></folder>
	<filename>BR4_jpg.rf.83dd7a0e2dfe3c9178bbe783bb4f0952.jpg</filename>
	<path>BR4_jpg.rf.83dd7a0e2dfe3c9178bbe783bb4f0952.jpg</path>
	<source>
		<database>roboflow.ai</database>
	</source>
	<size>
		<width>300</width>
		<height>300</height>
		<depth>3</depth>
	</size>
	<segmented>0</segmented>
	<object>
		<name>BR06U2470</name>
		<pose>Unspecified</pose>
		<truncated>0</truncated>
		<difficult>0</difficult>
		<occluded>0</occluded>
		<bndbox>
			<xmin>41</xmin>
			<xmax>148</xmax>
			<ymin>160</ymin>
			<ymax>175</ymax>
		</bndbox>
	</object>
</annotation>
