<annotation>
	<folder></folder>
	<filename>BR7_jpg.rf.741188c0569bbdbe0384dc1613b31297.jpg</filename>
	<path>BR7_jpg.rf.741188c0569bbdbe0384dc1613b31297.jpg</path>
	<source>
		<database>roboflow.ai</database>
	</source>
	<size>
		<width>300</width>
		<height>300</height>
		<depth>3</depth>
	</size>
	<segmented>0</segmented>
	<object>
		<name>BR44E1206</name>
		<pose>Unspecified</pose>
		<truncated>0</truncated>
		<difficult>0</difficult>
		<occluded>0</occluded>
		<bndbox>
			<xmin>109</xmin>
			<xmax>200</xmax>
			<ymin>249</ymin>
			<ymax>261</ymax>
		</bndbox>
	</object>
</annotation>
