<annotation>
	<folder></folder>
	<filename>BR8_jpg.rf.c6b0c25421f0d09e2a73a14c79205d6f.jpg</filename>
	<path>BR8_jpg.rf.c6b0c25421f0d09e2a73a14c79205d6f.jpg</path>
	<source>
		<database>roboflow.ai</database>
	</source>
	<size>
		<width>300</width>
		<height>300</height>
		<depth>3</depth>
	</size>
	<segmented>0</segmented>
	<object>
		<name>BR01DG6692</name>
		<pose>Unspecified</pose>
		<truncated>0</truncated>
		<difficult>0</difficult>
		<occluded>0</occluded>
		<bndbox>
			<xmin>109</xmin>
			<xmax>178</xmax>
			<ymin>258</ymin>
			<ymax>283</ymax>
		</bndbox>
	</object>
</annotation>
