<annotation>
	<folder></folder>
	<filename>BR9_jpg.rf.1acf322cb22188d48c1ea477f6317326.jpg</filename>
	<path>BR9_jpg.rf.1acf322cb22188d48c1ea477f6317326.jpg</path>
	<source>
		<database>roboflow.ai</database>
	</source>
	<size>
		<width>300</width>
		<height>300</height>
		<depth>3</depth>
	</size>
	<segmented>0</segmented>
	<object>
		<name>BR01AW1250</name>
		<pose>Unspecified</pose>
		<truncated>0</truncated>
		<difficult>0</difficult>
		<occluded>0</occluded>
		<bndbox>
			<xmin>186</xmin>
			<xmax>241</xmax>
			<ymin>181</ymin>
			<ymax>199</ymax>
		</bndbox>
	</object>
</annotation>
