<annotation>
	<folder></folder>
	<filename>c02b3989-8334-4cf7-b69c-bcd177e209d4___mqdefault-jpg_jpeg.rf.08d05ba85b0f7e181459789d22dd3d4a.jpg</filename>
	<path>c02b3989-8334-4cf7-b69c-bcd177e209d4___mqdefault-jpg_jpeg.rf.08d05ba85b0f7e181459789d22dd3d4a.jpg</path>
	<source>
		<database>roboflow.ai</database>
	</source>
	<size>
		<width>300</width>
		<height>300</height>
		<depth>3</depth>
	</size>
	<segmented>0</segmented>
	<object>
		<name>TN99F2378</name>
		<pose>Unspecified</pose>
		<truncated>0</truncated>
		<difficult>0</difficult>
		<occluded>0</occluded>
		<bndbox>
			<xmin>90</xmin>
			<xmax>212</xmax>
			<ymin>31</ymin>
			<ymax>88</ymax>
		</bndbox>
	</object>
</annotation>
