<annotation>
	<folder></folder>
	<filename>c03a7106-1fb9-471f-bbb0-2e8f4a29759a___38e7b1109eb976088e1df2f14ac4c08c-jpg-Copy_jpeg.rf.688a591fba42994aebe82a4bb493ea2e.jpg</filename>
	<path>c03a7106-1fb9-471f-bbb0-2e8f4a29759a___38e7b1109eb976088e1df2f14ac4c08c-jpg-Copy_jpeg.rf.688a591fba42994aebe82a4bb493ea2e.jpg</path>
	<source>
		<database>roboflow.ai</database>
	</source>
	<size>
		<width>300</width>
		<height>300</height>
		<depth>3</depth>
	</size>
	<segmented>0</segmented>
	<object>
		<name>KL13AA6340</name>
		<pose>Unspecified</pose>
		<truncated>0</truncated>
		<difficult>0</difficult>
		<occluded>0</occluded>
		<bndbox>
			<xmin>56</xmin>
			<xmax>125</xmax>
			<ymin>200</ymin>
			<ymax>221</ymax>
		</bndbox>
	</object>
</annotation>
