<annotation>
	<folder></folder>
	<filename>c06d4d42-591f-429e-92b4-20e701f89c14___2014-VW-Polo-facelift-spied-India-rear-jpg_jpeg.rf.5ca525fabc7abf1e83f655de53548b63.jpg</filename>
	<path>c06d4d42-591f-429e-92b4-20e701f89c14___2014-VW-Polo-facelift-spied-India-rear-jpg_jpeg.rf.5ca525fabc7abf1e83f655de53548b63.jpg</path>
	<source>
		<database>roboflow.ai</database>
	</source>
	<size>
		<width>300</width>
		<height>300</height>
		<depth>3</depth>
	</size>
	<segmented>0</segmented>
	<object>
		<name>MH14TCF460</name>
		<pose>Unspecified</pose>
		<truncated>0</truncated>
		<difficult>0</difficult>
		<occluded>0</occluded>
		<bndbox>
			<xmin>141</xmin>
			<xmax>203</xmax>
			<ymin>169</ymin>
			<ymax>180</ymax>
		</bndbox>
	</object>
</annotation>
