<annotation>
	<folder></folder>
	<filename>c1d91c5e-128b-41d4-9f9d-ebfbef98b597___High_security_n15816-jpg_jpeg.rf.2ae4a549c7aaa175bf18a3d088d5f967.jpg</filename>
	<path>c1d91c5e-128b-41d4-9f9d-ebfbef98b597___High_security_n15816-jpg_jpeg.rf.2ae4a549c7aaa175bf18a3d088d5f967.jpg</path>
	<source>
		<database>roboflow.ai</database>
	</source>
	<size>
		<width>300</width>
		<height>300</height>
		<depth>3</depth>
	</size>
	<segmented>0</segmented>
	<object>
		<name>MH01AE8017</name>
		<pose>Unspecified</pose>
		<truncated>0</truncated>
		<difficult>0</difficult>
		<occluded>0</occluded>
		<bndbox>
			<xmin>10</xmin>
			<xmax>230</xmax>
			<ymin>106</ymin>
			<ymax>217</ymax>
		</bndbox>
	</object>
</annotation>
