<annotation>
	<folder></folder>
	<filename>c795950c-766a-4a2e-9636-62d663d6f06b___62bf1edb36141f114521ec4bb4175579-jpg_jpeg.rf.1c2f0db2c7942e0b4c024296ba4f99da.jpg</filename>
	<path>c795950c-766a-4a2e-9636-62d663d6f06b___62bf1edb36141f114521ec4bb4175579-jpg_jpeg.rf.1c2f0db2c7942e0b4c024296ba4f99da.jpg</path>
	<source>
		<database>roboflow.ai</database>
	</source>
	<size>
		<width>300</width>
		<height>300</height>
		<depth>3</depth>
	</size>
	<segmented>0</segmented>
	<object>
		<name>GJ7BB766</name>
		<pose>Unspecified</pose>
		<truncated>0</truncated>
		<difficult>0</difficult>
		<occluded>0</occluded>
		<bndbox>
			<xmin>262</xmin>
			<xmax>277</xmax>
			<ymin>166</ymin>
			<ymax>190</ymax>
		</bndbox>
	</object>
</annotation>
