<annotation>
	<folder></folder>
	<filename>ca18d733-ec53-49d9-87aa-a9f6c52cc7bb___VW-Polo-GT-TSI-badge-on-the-grille-jpg_jpeg.rf.bd3ddf1e110f7930506019cf5bf28007.jpg</filename>
	<path>ca18d733-ec53-49d9-87aa-a9f6c52cc7bb___VW-Polo-GT-TSI-badge-on-the-grille-jpg_jpeg.rf.bd3ddf1e110f7930506019cf5bf28007.jpg</path>
	<source>
		<database>roboflow.ai</database>
	</source>
	<size>
		<width>300</width>
		<height>300</height>
		<depth>3</depth>
	</size>
	<segmented>0</segmented>
	<object>
		<name>MH14DT8831</name>
		<pose>Unspecified</pose>
		<truncated>0</truncated>
		<difficult>0</difficult>
		<occluded>0</occluded>
		<bndbox>
			<xmin>65</xmin>
			<xmax>236</xmax>
			<ymin>204</ymin>
			<ymax>262</ymax>
		</bndbox>
	</object>
</annotation>
