<annotation>
	<folder></folder>
	<filename>car-ybs-MH47N4570_00001_png.rf.60403dd64a14507a4fa1ceecacd331b7.jpg</filename>
	<path>car-ybs-MH47N4570_00001_png.rf.60403dd64a14507a4fa1ceecacd331b7.jpg</path>
	<source>
		<database>roboflow.ai</database>
	</source>
	<size>
		<width>300</width>
		<height>300</height>
		<depth>3</depth>
	</size>
	<segmented>0</segmented>
	<object>
		<name>MH47N4570</name>
		<pose>Unspecified</pose>
		<truncated>0</truncated>
		<difficult>0</difficult>
		<occluded>0</occluded>
		<bndbox>
			<xmin>98</xmin>
			<xmax>203</xmax>
			<ymin>185</ymin>
			<ymax>226</ymax>
		</bndbox>
	</object>
</annotation>
