<annotation>
	<folder></folder>
	<filename>car-wbs-CH01AN0001_00000_png.rf.0c97f6df7ccdc62e2de6dfa1b5c838bb.jpg</filename>
	<path>car-wbs-CH01AN0001_00000_png.rf.0c97f6df7ccdc62e2de6dfa1b5c838bb.jpg</path>
	<source>
		<database>roboflow.ai</database>
	</source>
	<size>
		<width>300</width>
		<height>300</height>
		<depth>3</depth>
	</size>
	<segmented>0</segmented>
	<object>
		<name>CH01AN0001</name>
		<pose>Unspecified</pose>
		<truncated>0</truncated>
		<difficult>0</difficult>
		<occluded>0</occluded>
		<bndbox>
			<xmin>196</xmin>
			<xmax>294</xmax>
			<ymin>248</ymin>
			<ymax>291</ymax>
		</bndbox>
	</object>
</annotation>
