<annotation>
	<folder></folder>
	<filename>car-wbs-KA05MG1909_00000_png.rf.e8f15e42254b7976585fd5fab8347e22.jpg</filename>
	<path>car-wbs-KA05MG1909_00000_png.rf.e8f15e42254b7976585fd5fab8347e22.jpg</path>
	<source>
		<database>roboflow.ai</database>
	</source>
	<size>
		<width>300</width>
		<height>300</height>
		<depth>3</depth>
	</size>
	<segmented>0</segmented>
	<object>
		<name>KA05MG1909</name>
		<pose>Unspecified</pose>
		<truncated>0</truncated>
		<difficult>0</difficult>
		<occluded>0</occluded>
		<bndbox>
			<xmin>72</xmin>
			<xmax>222</xmax>
			<ymin>101</ymin>
			<ymax>190</ymax>
		</bndbox>
	</object>
</annotation>
