<annotation>
	<folder></folder>
	<filename>car-wbs-TN38BY4191_00000_jpeg.rf.3a95f024ca6b6a7cf8db95b613fe30e8.jpg</filename>
	<path>car-wbs-TN38BY4191_00000_jpeg.rf.3a95f024ca6b6a7cf8db95b613fe30e8.jpg</path>
	<source>
		<database>roboflow.ai</database>
	</source>
	<size>
		<width>300</width>
		<height>300</height>
		<depth>3</depth>
	</size>
	<segmented>0</segmented>
	<object>
		<name>TN38BY4191</name>
		<pose>Unspecified</pose>
		<truncated>0</truncated>
		<difficult>0</difficult>
		<occluded>0</occluded>
		<bndbox>
			<xmin>98</xmin>
			<xmax>230</xmax>
			<ymin>172</ymin>
			<ymax>196</ymax>
		</bndbox>
	</object>
</annotation>
