<annotation>
	<folder></folder>
	<filename>car-wbs-RJ02CC0784_00000_jpg.rf.a5ddd08b30a2e4e72706acce5b6ea936.jpg</filename>
	<path>car-wbs-RJ02CC0784_00000_jpg.rf.a5ddd08b30a2e4e72706acce5b6ea936.jpg</path>
	<source>
		<database>roboflow.ai</database>
	</source>
	<size>
		<width>300</width>
		<height>300</height>
		<depth>3</depth>
	</size>
	<segmented>0</segmented>
	<object>
		<name>RJ02CC0784</name>
		<pose>Unspecified</pose>
		<truncated>0</truncated>
		<difficult>0</difficult>
		<occluded>0</occluded>
		<bndbox>
			<xmin>80</xmin>
			<xmax>190</xmax>
			<ymin>245</ymin>
			<ymax>265</ymax>
		</bndbox>
	</object>
</annotation>
