<annotation>
	<folder></folder>
	<filename>car-wbs-MH12FU1014_00000_png.rf.d60463a44df88d7e81b75b01e5defac8.jpg</filename>
	<path>car-wbs-MH12FU1014_00000_png.rf.d60463a44df88d7e81b75b01e5defac8.jpg</path>
	<source>
		<database>roboflow.ai</database>
	</source>
	<size>
		<width>300</width>
		<height>300</height>
		<depth>3</depth>
	</size>
	<segmented>0</segmented>
	<object>
		<name>MH12FU1014</name>
		<pose>Unspecified</pose>
		<truncated>0</truncated>
		<difficult>0</difficult>
		<occluded>0</occluded>
		<bndbox>
			<xmin>48</xmin>
			<xmax>105</xmax>
			<ymin>156</ymin>
			<ymax>182</ymax>
		</bndbox>
	</object>
</annotation>
