<annotation>
	<folder></folder>
	<filename>car-wbs-KL10AV6342_00001_jpg.rf.e6a36aeb96f5f340f60532815560f4c2.jpg</filename>
	<path>car-wbs-KL10AV6342_00001_jpg.rf.e6a36aeb96f5f340f60532815560f4c2.jpg</path>
	<source>
		<database>roboflow.ai</database>
	</source>
	<size>
		<width>300</width>
		<height>300</height>
		<depth>3</depth>
	</size>
	<segmented>0</segmented>
	<object>
		<name>KL10AV6342</name>
		<pose>Unspecified</pose>
		<truncated>0</truncated>
		<difficult>0</difficult>
		<occluded>0</occluded>
		<bndbox>
			<xmin>51</xmin>
			<xmax>274</xmax>
			<ymin>97</ymin>
			<ymax>185</ymax>
		</bndbox>
	</object>
</annotation>
