<annotation>
	<folder></folder>
	<filename>car-wbs-MH02BM5048_00000_jpeg.rf.5564ce7e6a7ab783f4b708b1acdbcfc4.jpg</filename>
	<path>car-wbs-MH02BM5048_00000_jpeg.rf.5564ce7e6a7ab783f4b708b1acdbcfc4.jpg</path>
	<source>
		<database>roboflow.ai</database>
	</source>
	<size>
		<width>300</width>
		<height>300</height>
		<depth>3</depth>
	</size>
	<segmented>0</segmented>
	<object>
		<name>MH02BM5048</name>
		<pose>Unspecified</pose>
		<truncated>0</truncated>
		<difficult>0</difficult>
		<occluded>0</occluded>
		<bndbox>
			<xmin>102</xmin>
			<xmax>199</xmax>
			<ymin>73</ymin>
			<ymax>122</ymax>
		</bndbox>
	</object>
</annotation>
