<annotation>
	<folder></folder>
	<filename>car-wbs-MH12DE1433_00001_jpeg.rf.044f99415c312d4ab6e3b64c176a833d.jpg</filename>
	<path>car-wbs-MH12DE1433_00001_jpeg.rf.044f99415c312d4ab6e3b64c176a833d.jpg</path>
	<source>
		<database>roboflow.ai</database>
	</source>
	<size>
		<width>300</width>
		<height>300</height>
		<depth>3</depth>
	</size>
	<segmented>0</segmented>
	<object>
		<name>MH12DE1433</name>
		<pose>Unspecified</pose>
		<truncated>0</truncated>
		<difficult>0</difficult>
		<occluded>0</occluded>
		<bndbox>
			<xmin>50</xmin>
			<xmax>268</xmax>
			<ymin>70</ymin>
			<ymax>170</ymax>
		</bndbox>
	</object>
</annotation>
