<annotation>
	<folder></folder>
	<filename>car-wbs-UP16CT2233_00000_jpg.rf.3ca8f77e3ab061107feea3bca566386c.jpg</filename>
	<path>car-wbs-UP16CT2233_00000_jpg.rf.3ca8f77e3ab061107feea3bca566386c.jpg</path>
	<source>
		<database>roboflow.ai</database>
	</source>
	<size>
		<width>300</width>
		<height>300</height>
		<depth>3</depth>
	</size>
	<segmented>0</segmented>
	<object>
		<name>UP16CT2233</name>
		<pose>Unspecified</pose>
		<truncated>0</truncated>
		<difficult>0</difficult>
		<occluded>0</occluded>
		<bndbox>
			<xmin>101</xmin>
			<xmax>191</xmax>
			<ymin>268</ymin>
			<ymax>283</ymax>
		</bndbox>
	</object>
</annotation>
