<annotation>
	<folder></folder>
	<filename>car-wbs-MH01AV8866_00000_png.rf.cba0295878925402a4939b6074963e0e.jpg</filename>
	<path>car-wbs-MH01AV8866_00000_png.rf.cba0295878925402a4939b6074963e0e.jpg</path>
	<source>
		<database>roboflow.ai</database>
	</source>
	<size>
		<width>300</width>
		<height>300</height>
		<depth>3</depth>
	</size>
	<segmented>0</segmented>
	<object>
		<name>MH01AV8866</name>
		<pose>Unspecified</pose>
		<truncated>0</truncated>
		<difficult>0</difficult>
		<occluded>0</occluded>
		<bndbox>
			<xmin>108</xmin>
			<xmax>189</xmax>
			<ymin>189</ymin>
			<ymax>212</ymax>
		</bndbox>
	</object>
</annotation>
