<annotation>
	<folder></folder>
	<filename>car-wbs-MH03AR5549_00000_jpg.rf.eeda23f21769c9758b6ace3479cde9ed.jpg</filename>
	<path>car-wbs-MH03AR5549_00000_jpg.rf.eeda23f21769c9758b6ace3479cde9ed.jpg</path>
	<source>
		<database>roboflow.ai</database>
	</source>
	<size>
		<width>300</width>
		<height>300</height>
		<depth>3</depth>
	</size>
	<segmented>0</segmented>
	<object>
		<name>MH03AR5549</name>
		<pose>Unspecified</pose>
		<truncated>0</truncated>
		<difficult>0</difficult>
		<occluded>0</occluded>
		<bndbox>
			<xmin>98</xmin>
			<xmax>301</xmax>
			<ymin>72</ymin>
			<ymax>162</ymax>
		</bndbox>
	</object>
</annotation>
