<annotation>
	<folder></folder>
	<filename>car-wbs-TN58AM1_00000_jpeg.rf.bf318b4f99d9915e0f27038cce6c2d15.jpg</filename>
	<path>car-wbs-TN58AM1_00000_jpeg.rf.bf318b4f99d9915e0f27038cce6c2d15.jpg</path>
	<source>
		<database>roboflow.ai</database>
	</source>
	<size>
		<width>300</width>
		<height>300</height>
		<depth>3</depth>
	</size>
	<segmented>0</segmented>
	<object>
		<name>TN58AM1</name>
		<pose>Unspecified</pose>
		<truncated>0</truncated>
		<difficult>0</difficult>
		<occluded>0</occluded>
		<bndbox>
			<xmin>96</xmin>
			<xmax>209</xmax>
			<ymin>172</ymin>
			<ymax>194</ymax>
		</bndbox>
	</object>
</annotation>
