<annotation>
	<folder></folder>
	<filename>car-wbs-HR26CE1485_00000_png.rf.ead846e82c5e874e101e7cf491baa210.jpg</filename>
	<path>car-wbs-HR26CE1485_00000_png.rf.ead846e82c5e874e101e7cf491baa210.jpg</path>
	<source>
		<database>roboflow.ai</database>
	</source>
	<size>
		<width>300</width>
		<height>300</height>
		<depth>3</depth>
	</size>
	<segmented>0</segmented>
	<object>
		<name>HR26CE1485</name>
		<pose>Unspecified</pose>
		<truncated>0</truncated>
		<difficult>0</difficult>
		<occluded>0</occluded>
		<bndbox>
			<xmin>125</xmin>
			<xmax>186</xmax>
			<ymin>200</ymin>
			<ymax>220</ymax>
		</bndbox>
	</object>
</annotation>
