<annotation>
	<folder></folder>
	<filename>car-wbs-TN66U8215_00000_jpeg.rf.79403d78fb34d40b6d8497b74dafd2ec.jpg</filename>
	<path>car-wbs-TN66U8215_00000_jpeg.rf.79403d78fb34d40b6d8497b74dafd2ec.jpg</path>
	<source>
		<database>roboflow.ai</database>
	</source>
	<size>
		<width>300</width>
		<height>300</height>
		<depth>3</depth>
	</size>
	<segmented>0</segmented>
	<object>
		<name>TN66U8215</name>
		<pose>Unspecified</pose>
		<truncated>0</truncated>
		<difficult>0</difficult>
		<occluded>0</occluded>
		<bndbox>
			<xmin>32</xmin>
			<xmax>242</xmax>
			<ymin>109</ymin>
			<ymax>216</ymax>
		</bndbox>
	</object>
</annotation>
