<annotation>
	<folder></folder>
	<filename>car-wbs-MH12BG7237_00000_png.rf.01a1f46606cb6c48523d9eb508ce228e.jpg</filename>
	<path>car-wbs-MH12BG7237_00000_png.rf.01a1f46606cb6c48523d9eb508ce228e.jpg</path>
	<source>
		<database>roboflow.ai</database>
	</source>
	<size>
		<width>300</width>
		<height>300</height>
		<depth>3</depth>
	</size>
	<segmented>0</segmented>
	<object>
		<name>MH12BG7237</name>
		<pose>Unspecified</pose>
		<truncated>0</truncated>
		<difficult>0</difficult>
		<occluded>0</occluded>
		<bndbox>
			<xmin>53</xmin>
			<xmax>204</xmax>
			<ymin>169</ymin>
			<ymax>246</ymax>
		</bndbox>
	</object>
</annotation>
