<annotation>
	<folder></folder>
	<filename>car-wbs-TN28BA9999_00000_jpeg.rf.202c58e9679a9fb44b2c92c40effbcf7.jpg</filename>
	<path>car-wbs-TN28BA9999_00000_jpeg.rf.202c58e9679a9fb44b2c92c40effbcf7.jpg</path>
	<source>
		<database>roboflow.ai</database>
	</source>
	<size>
		<width>300</width>
		<height>300</height>
		<depth>3</depth>
	</size>
	<segmented>0</segmented>
	<object>
		<name>TN28BA9999</name>
		<pose>Unspecified</pose>
		<truncated>0</truncated>
		<difficult>0</difficult>
		<occluded>0</occluded>
		<bndbox>
			<xmin>95</xmin>
			<xmax>189</xmax>
			<ymin>176</ymin>
			<ymax>194</ymax>
		</bndbox>
	</object>
</annotation>
