<annotation>
	<folder></folder>
	<filename>car-wbs-TN42R2697_00000_jpg.rf.1abaf603850880098dc8c50b5f05f327.jpg</filename>
	<path>car-wbs-TN42R2697_00000_jpg.rf.1abaf603850880098dc8c50b5f05f327.jpg</path>
	<source>
		<database>roboflow.ai</database>
	</source>
	<size>
		<width>300</width>
		<height>300</height>
		<depth>3</depth>
	</size>
	<segmented>0</segmented>
	<object>
		<name>TN42R2697</name>
		<pose>Unspecified</pose>
		<truncated>0</truncated>
		<difficult>0</difficult>
		<occluded>0</occluded>
		<bndbox>
			<xmin>5</xmin>
			<xmax>301</xmax>
			<ymin>75</ymin>
			<ymax>176</ymax>
		</bndbox>
	</object>
</annotation>
