<annotation>
	<folder></folder>
	<filename>car-wbs-KL55R2473_00000_jpeg.rf.eb66263312a7d9b1820130ab834c4647.jpg</filename>
	<path>car-wbs-KL55R2473_00000_jpeg.rf.eb66263312a7d9b1820130ab834c4647.jpg</path>
	<source>
		<database>roboflow.ai</database>
	</source>
	<size>
		<width>300</width>
		<height>300</height>
		<depth>3</depth>
	</size>
	<segmented>0</segmented>
	<object>
		<name>KL55R2473</name>
		<pose>Unspecified</pose>
		<truncated>0</truncated>
		<difficult>0</difficult>
		<occluded>0</occluded>
		<bndbox>
			<xmin>77</xmin>
			<xmax>187</xmax>
			<ymin>119</ymin>
			<ymax>155</ymax>
		</bndbox>
	</object>
</annotation>
