<annotation>
	<folder></folder>
	<filename>car-wbs-TN21BZ0768_00000_png.rf.cadd159952d91fa04c2ab149ced734e4.jpg</filename>
	<path>car-wbs-TN21BZ0768_00000_png.rf.cadd159952d91fa04c2ab149ced734e4.jpg</path>
	<source>
		<database>roboflow.ai</database>
	</source>
	<size>
		<width>300</width>
		<height>300</height>
		<depth>3</depth>
	</size>
	<segmented>0</segmented>
	<object>
		<name>TN21BZ0768</name>
		<pose>Unspecified</pose>
		<truncated>0</truncated>
		<difficult>0</difficult>
		<occluded>0</occluded>
		<bndbox>
			<xmin>145</xmin>
			<xmax>235</xmax>
			<ymin>198</ymin>
			<ymax>222</ymax>
		</bndbox>
	</object>
</annotation>
