<annotation>
	<folder></folder>
	<filename>car-ybs-MH46AD5258_00000_png.rf.a41a19c6f7ed91c11e4501ceff787a2e.jpg</filename>
	<path>car-ybs-MH46AD5258_00000_png.rf.a41a19c6f7ed91c11e4501ceff787a2e.jpg</path>
	<source>
		<database>roboflow.ai</database>
	</source>
	<size>
		<width>300</width>
		<height>300</height>
		<depth>3</depth>
	</size>
	<segmented>0</segmented>
	<object>
		<name>MH46AD5258</name>
		<pose>Unspecified</pose>
		<truncated>0</truncated>
		<difficult>0</difficult>
		<occluded>0</occluded>
		<bndbox>
			<xmin>136</xmin>
			<xmax>228</xmax>
			<ymin>137</ymin>
			<ymax>170</ymax>
		</bndbox>
	</object>
</annotation>
