<annotation>
	<folder></folder>
	<filename>car-wbs-MH20BY4465_00000_jpeg.rf.43b7e1a20ef51bf53a1fbfcbaffcc9cb.jpg</filename>
	<path>car-wbs-MH20BY4465_00000_jpeg.rf.43b7e1a20ef51bf53a1fbfcbaffcc9cb.jpg</path>
	<source>
		<database>roboflow.ai</database>
	</source>
	<size>
		<width>300</width>
		<height>300</height>
		<depth>3</depth>
	</size>
	<segmented>0</segmented>
	<object>
		<name>MH20BY4465</name>
		<pose>Unspecified</pose>
		<truncated>0</truncated>
		<difficult>0</difficult>
		<occluded>0</occluded>
		<bndbox>
			<xmin>75</xmin>
			<xmax>166</xmax>
			<ymin>200</ymin>
			<ymax>237</ymax>
		</bndbox>
	</object>
</annotation>
