<annotation>
	<folder></folder>
	<filename>car-wbs-TN74AL5074_00000_jpeg.rf.6a48a4f0988443fbfa853f3b33362f79.jpg</filename>
	<path>car-wbs-TN74AL5074_00000_jpeg.rf.6a48a4f0988443fbfa853f3b33362f79.jpg</path>
	<source>
		<database>roboflow.ai</database>
	</source>
	<size>
		<width>300</width>
		<height>300</height>
		<depth>3</depth>
	</size>
	<segmented>0</segmented>
	<object>
		<name>TN74AL5074</name>
		<pose>Unspecified</pose>
		<truncated>0</truncated>
		<difficult>0</difficult>
		<occluded>0</occluded>
		<bndbox>
			<xmin>108</xmin>
			<xmax>225</xmax>
			<ymin>127</ymin>
			<ymax>201</ymax>
		</bndbox>
	</object>
</annotation>
