<annotation>
	<folder></folder>
	<filename>car-wbs-TN07BU5427_00000_jpeg.rf.4b91cf969ab03114addbea8265012145.jpg</filename>
	<path>car-wbs-TN07BU5427_00000_jpeg.rf.4b91cf969ab03114addbea8265012145.jpg</path>
	<source>
		<database>roboflow.ai</database>
	</source>
	<size>
		<width>300</width>
		<height>300</height>
		<depth>3</depth>
	</size>
	<segmented>0</segmented>
	<object>
		<name>TN07BU5427</name>
		<pose>Unspecified</pose>
		<truncated>0</truncated>
		<difficult>0</difficult>
		<occluded>0</occluded>
		<bndbox>
			<xmin>21</xmin>
			<xmax>235</xmax>
			<ymin>195</ymin>
			<ymax>233</ymax>
		</bndbox>
	</object>
</annotation>
