<annotation>
	<folder></folder>
	<filename>car-wbs-TN19S4523_00000_png.rf.8ce520330a885d4b9f076ad87b56e5b5.jpg</filename>
	<path>car-wbs-TN19S4523_00000_png.rf.8ce520330a885d4b9f076ad87b56e5b5.jpg</path>
	<source>
		<database>roboflow.ai</database>
	</source>
	<size>
		<width>300</width>
		<height>300</height>
		<depth>3</depth>
	</size>
	<segmented>0</segmented>
	<object>
		<name>TN19S4523</name>
		<pose>Unspecified</pose>
		<truncated>0</truncated>
		<difficult>0</difficult>
		<occluded>0</occluded>
		<bndbox>
			<xmin>172</xmin>
			<xmax>242</xmax>
			<ymin>243</ymin>
			<ymax>261</ymax>
		</bndbox>
	</object>
</annotation>
