<annotation>
	<folder></folder>
	<filename>car-wbs-MH43AF5037_00000_png.rf.ef5be43cfc3573603d446052b9ea7abb.jpg</filename>
	<path>car-wbs-MH43AF5037_00000_png.rf.ef5be43cfc3573603d446052b9ea7abb.jpg</path>
	<source>
		<database>roboflow.ai</database>
	</source>
	<size>
		<width>300</width>
		<height>300</height>
		<depth>3</depth>
	</size>
	<segmented>0</segmented>
	<object>
		<name>MH43AF5037</name>
		<pose>Unspecified</pose>
		<truncated>0</truncated>
		<difficult>0</difficult>
		<occluded>0</occluded>
		<bndbox>
			<xmin>144</xmin>
			<xmax>234</xmax>
			<ymin>150</ymin>
			<ymax>184</ymax>
		</bndbox>
	</object>
</annotation>
