<annotation>
	<folder></folder>
	<filename>car-wbs-MH06AW8929_00000_jpeg.rf.91babe7df2650c1a88b7ee8e92f1636a.jpg</filename>
	<path>car-wbs-MH06AW8929_00000_jpeg.rf.91babe7df2650c1a88b7ee8e92f1636a.jpg</path>
	<source>
		<database>roboflow.ai</database>
	</source>
	<size>
		<width>300</width>
		<height>300</height>
		<depth>3</depth>
	</size>
	<segmented>0</segmented>
	<object>
		<name>MH06AW8929</name>
		<pose>Unspecified</pose>
		<truncated>0</truncated>
		<difficult>0</difficult>
		<occluded>0</occluded>
		<bndbox>
			<xmin>17</xmin>
			<xmax>97</xmax>
			<ymin>166</ymin>
			<ymax>220</ymax>
		</bndbox>
	</object>
</annotation>
