<annotation>
	<folder></folder>
	<filename>car-wbs-MH43BU2401_00000_png.rf.fc7d30b1fd423432294a0933fc5a00a7.jpg</filename>
	<path>car-wbs-MH43BU2401_00000_png.rf.fc7d30b1fd423432294a0933fc5a00a7.jpg</path>
	<source>
		<database>roboflow.ai</database>
	</source>
	<size>
		<width>300</width>
		<height>300</height>
		<depth>3</depth>
	</size>
	<segmented>0</segmented>
	<object>
		<name>MH43BU2401</name>
		<pose>Unspecified</pose>
		<truncated>0</truncated>
		<difficult>0</difficult>
		<occluded>0</occluded>
		<bndbox>
			<xmin>193</xmin>
			<xmax>249</xmax>
			<ymin>140</ymin>
			<ymax>175</ymax>
		</bndbox>
	</object>
</annotation>
