<annotation>
	<folder></folder>
	<filename>car-wbs-MH20EJ0364_00000_png.rf.9a0833eaefd1f5319344346441f20580.jpg</filename>
	<path>car-wbs-MH20EJ0364_00000_png.rf.9a0833eaefd1f5319344346441f20580.jpg</path>
	<source>
		<database>roboflow.ai</database>
	</source>
	<size>
		<width>300</width>
		<height>300</height>
		<depth>3</depth>
	</size>
	<segmented>0</segmented>
	<object>
		<name>MH20EJ0364</name>
		<pose>Unspecified</pose>
		<truncated>0</truncated>
		<difficult>0</difficult>
		<occluded>0</occluded>
		<bndbox>
			<xmin>61</xmin>
			<xmax>236</xmax>
			<ymin>186</ymin>
			<ymax>235</ymax>
		</bndbox>
	</object>
</annotation>
