<annotation>
	<folder></folder>
	<filename>car-wbs-KL53E964_00000_jpeg.rf.5bc6fd8e2413063938956cd4618d2409.jpg</filename>
	<path>car-wbs-KL53E964_00000_jpeg.rf.5bc6fd8e2413063938956cd4618d2409.jpg</path>
	<source>
		<database>roboflow.ai</database>
	</source>
	<size>
		<width>300</width>
		<height>300</height>
		<depth>3</depth>
	</size>
	<segmented>0</segmented>
	<object>
		<name>KL53E964</name>
		<pose>Unspecified</pose>
		<truncated>0</truncated>
		<difficult>0</difficult>
		<occluded>0</occluded>
		<bndbox>
			<xmin>109</xmin>
			<xmax>203</xmax>
			<ymin>185</ymin>
			<ymax>219</ymax>
		</bndbox>
	</object>
</annotation>
