<annotation>
	<folder></folder>
	<filename>car-wbs-KL43B2344_00000_jpeg.rf.a73666c05bc7c0bedfb69adefdabc582.jpg</filename>
	<path>car-wbs-KL43B2344_00000_jpeg.rf.a73666c05bc7c0bedfb69adefdabc582.jpg</path>
	<source>
		<database>roboflow.ai</database>
	</source>
	<size>
		<width>300</width>
		<height>300</height>
		<depth>3</depth>
	</size>
	<segmented>0</segmented>
	<object>
		<name>KL43B2344</name>
		<pose>Unspecified</pose>
		<truncated>0</truncated>
		<difficult>0</difficult>
		<occluded>0</occluded>
		<bndbox>
			<xmin>98</xmin>
			<xmax>205</xmax>
			<ymin>80</ymin>
			<ymax>128</ymax>
		</bndbox>
	</object>
</annotation>
