<annotation>
	<folder></folder>
	<filename>car-wbs-TN07BU5427_00001_jpeg.rf.ffeb57a359224af7ad768acc92f244d9.jpg</filename>
	<path>car-wbs-TN07BU5427_00001_jpeg.rf.ffeb57a359224af7ad768acc92f244d9.jpg</path>
	<source>
		<database>roboflow.ai</database>
	</source>
	<size>
		<width>300</width>
		<height>300</height>
		<depth>3</depth>
	</size>
	<segmented>0</segmented>
	<object>
		<name>TN07BU5427</name>
		<pose>Unspecified</pose>
		<truncated>0</truncated>
		<difficult>0</difficult>
		<occluded>0</occluded>
		<bndbox>
			<xmin>46</xmin>
			<xmax>138</xmax>
			<ymin>174</ymin>
			<ymax>194</ymax>
		</bndbox>
	</object>
</annotation>
