<annotation>
	<folder></folder>
	<filename>car-wbs-MH14EU3498_00000_jpeg.rf.00babd97c41031e99055fe233995d735.jpg</filename>
	<path>car-wbs-MH14EU3498_00000_jpeg.rf.00babd97c41031e99055fe233995d735.jpg</path>
	<source>
		<database>roboflow.ai</database>
	</source>
	<size>
		<width>300</width>
		<height>300</height>
		<depth>3</depth>
	</size>
	<segmented>0</segmented>
	<object>
		<name>MH14EU3498</name>
		<pose>Unspecified</pose>
		<truncated>0</truncated>
		<difficult>0</difficult>
		<occluded>0</occluded>
		<bndbox>
			<xmin>51</xmin>
			<xmax>221</xmax>
			<ymin>131</ymin>
			<ymax>203</ymax>
		</bndbox>
	</object>
</annotation>
