<annotation>
	<folder></folder>
	<filename>car-wbs-TN21BC6225_00000_png.rf.0a4bd4f4d02e130adfae3c10baae6f25.jpg</filename>
	<path>car-wbs-TN21BC6225_00000_png.rf.0a4bd4f4d02e130adfae3c10baae6f25.jpg</path>
	<source>
		<database>roboflow.ai</database>
	</source>
	<size>
		<width>300</width>
		<height>300</height>
		<depth>3</depth>
	</size>
	<segmented>0</segmented>
	<object>
		<name>TN21BC6225</name>
		<pose>Unspecified</pose>
		<truncated>0</truncated>
		<difficult>0</difficult>
		<occluded>0</occluded>
		<bndbox>
			<xmin>57</xmin>
			<xmax>198</xmax>
			<ymin>180</ymin>
			<ymax>219</ymax>
		</bndbox>
	</object>
</annotation>
