<annotation>
	<folder></folder>
	<filename>car-wbs-KL454455_00000_jpeg.rf.fe9f993b6e917fe5eff7f1071e9eeef4.jpg</filename>
	<path>car-wbs-KL454455_00000_jpeg.rf.fe9f993b6e917fe5eff7f1071e9eeef4.jpg</path>
	<source>
		<database>roboflow.ai</database>
	</source>
	<size>
		<width>300</width>
		<height>300</height>
		<depth>3</depth>
	</size>
	<segmented>0</segmented>
	<object>
		<name>KL454455</name>
		<pose>Unspecified</pose>
		<truncated>0</truncated>
		<difficult>0</difficult>
		<occluded>0</occluded>
		<bndbox>
			<xmin>64</xmin>
			<xmax>133</xmax>
			<ymin>8</ymin>
			<ymax>68</ymax>
		</bndbox>
	</object>
</annotation>
