<annotation>
	<folder></folder>
	<filename>car-wbs-MH14EH7958_00000_jpeg.rf.3ee3df5339010ec7b6bac5f9e329abbc.jpg</filename>
	<path>car-wbs-MH14EH7958_00000_jpeg.rf.3ee3df5339010ec7b6bac5f9e329abbc.jpg</path>
	<source>
		<database>roboflow.ai</database>
	</source>
	<size>
		<width>300</width>
		<height>300</height>
		<depth>3</depth>
	</size>
	<segmented>0</segmented>
	<object>
		<name>MH14EH7958</name>
		<pose>Unspecified</pose>
		<truncated>0</truncated>
		<difficult>0</difficult>
		<occluded>0</occluded>
		<bndbox>
			<xmin>103</xmin>
			<xmax>183</xmax>
			<ymin>196</ymin>
			<ymax>221</ymax>
		</bndbox>
	</object>
</annotation>
