<annotation>
	<folder></folder>
	<filename>car-wbs-MH03BS7778_00000_jpeg.rf.7f0492f436b063ffb1d25393ea538527.jpg</filename>
	<path>car-wbs-MH03BS7778_00000_jpeg.rf.7f0492f436b063ffb1d25393ea538527.jpg</path>
	<source>
		<database>roboflow.ai</database>
	</source>
	<size>
		<width>300</width>
		<height>300</height>
		<depth>3</depth>
	</size>
	<segmented>0</segmented>
	<object>
		<name>MH03BS7778</name>
		<pose>Unspecified</pose>
		<truncated>0</truncated>
		<difficult>0</difficult>
		<occluded>0</occluded>
		<bndbox>
			<xmin>87</xmin>
			<xmax>248</xmax>
			<ymin>95</ymin>
			<ymax>156</ymax>
		</bndbox>
	</object>
</annotation>
