<annotation>
	<folder></folder>
	<filename>car-wbs-TN38BW1139_00000_jpeg.rf.f24baab6e26d567529442bc1c565e51c.jpg</filename>
	<path>car-wbs-TN38BW1139_00000_jpeg.rf.f24baab6e26d567529442bc1c565e51c.jpg</path>
	<source>
		<database>roboflow.ai</database>
	</source>
	<size>
		<width>300</width>
		<height>300</height>
		<depth>3</depth>
	</size>
	<segmented>0</segmented>
	<object>
		<name>TN38BW1139</name>
		<pose>Unspecified</pose>
		<truncated>0</truncated>
		<difficult>0</difficult>
		<occluded>0</occluded>
		<bndbox>
			<xmin>35</xmin>
			<xmax>261</xmax>
			<ymin>138</ymin>
			<ymax>207</ymax>
		</bndbox>
	</object>
</annotation>
