<annotation>
	<folder></folder>
	<filename>car-wbs-MH46BV0688_00000_png.rf.48400160d12d5ad5faca8045fe690034.jpg</filename>
	<path>car-wbs-MH46BV0688_00000_png.rf.48400160d12d5ad5faca8045fe690034.jpg</path>
	<source>
		<database>roboflow.ai</database>
	</source>
	<size>
		<width>300</width>
		<height>300</height>
		<depth>3</depth>
	</size>
	<segmented>0</segmented>
	<object>
		<name>MH46BV0688</name>
		<pose>Unspecified</pose>
		<truncated>0</truncated>
		<difficult>0</difficult>
		<occluded>0</occluded>
		<bndbox>
			<xmin>149</xmin>
			<xmax>281</xmax>
			<ymin>218</ymin>
			<ymax>254</ymax>
		</bndbox>
	</object>
</annotation>
