<annotation>
	<folder></folder>
	<filename>car-wbs-MH20BY3665_00001_jpeg.rf.82badfea327391cad07d458853f6c1b9.jpg</filename>
	<path>car-wbs-MH20BY3665_00001_jpeg.rf.82badfea327391cad07d458853f6c1b9.jpg</path>
	<source>
		<database>roboflow.ai</database>
	</source>
	<size>
		<width>300</width>
		<height>300</height>
		<depth>3</depth>
	</size>
	<segmented>0</segmented>
	<object>
		<name>MH20BY3665</name>
		<pose>Unspecified</pose>
		<truncated>0</truncated>
		<difficult>0</difficult>
		<occluded>0</occluded>
		<bndbox>
			<xmin>56</xmin>
			<xmax>235</xmax>
			<ymin>40</ymin>
			<ymax>127</ymax>
		</bndbox>
	</object>
</annotation>
