<annotation>
	<folder></folder>
	<filename>car-wbs-TN21BZ0768_00001_png.rf.59b9a909e46da75ef57e4ca0d9839bc9.jpg</filename>
	<path>car-wbs-TN21BZ0768_00001_png.rf.59b9a909e46da75ef57e4ca0d9839bc9.jpg</path>
	<source>
		<database>roboflow.ai</database>
	</source>
	<size>
		<width>300</width>
		<height>300</height>
		<depth>3</depth>
	</size>
	<segmented>0</segmented>
	<object>
		<name>TN21BZ0768</name>
		<pose>Unspecified</pose>
		<truncated>0</truncated>
		<difficult>0</difficult>
		<occluded>0</occluded>
		<bndbox>
			<xmin>152</xmin>
			<xmax>233</xmax>
			<ymin>199</ymin>
			<ymax>220</ymax>
		</bndbox>
	</object>
</annotation>
