<annotation>
	<folder></folder>
	<filename>car-wbs-MH01DE2780_00000_png.rf.ec600d9160b045f5819c9580a78f3f0a.jpg</filename>
	<path>car-wbs-MH01DE2780_00000_png.rf.ec600d9160b045f5819c9580a78f3f0a.jpg</path>
	<source>
		<database>roboflow.ai</database>
	</source>
	<size>
		<width>300</width>
		<height>300</height>
		<depth>3</depth>
	</size>
	<segmented>0</segmented>
	<object>
		<name>MH01DE2780</name>
		<pose>Unspecified</pose>
		<truncated>0</truncated>
		<difficult>0</difficult>
		<occluded>0</occluded>
		<bndbox>
			<xmin>198</xmin>
			<xmax>259</xmax>
			<ymin>146</ymin>
			<ymax>179</ymax>
		</bndbox>
	</object>
</annotation>
