<annotation>
	<folder></folder>
	<filename>car-wbs-UP32FH2653_00000_jpg.rf.7f771b242c646705f6a8245e329def47.jpg</filename>
	<path>car-wbs-UP32FH2653_00000_jpg.rf.7f771b242c646705f6a8245e329def47.jpg</path>
	<source>
		<database>roboflow.ai</database>
	</source>
	<size>
		<width>300</width>
		<height>300</height>
		<depth>3</depth>
	</size>
	<segmented>0</segmented>
	<object>
		<name>UP32FH2653</name>
		<pose>Unspecified</pose>
		<truncated>0</truncated>
		<difficult>0</difficult>
		<occluded>0</occluded>
		<bndbox>
			<xmin>174</xmin>
			<xmax>247</xmax>
			<ymin>212</ymin>
			<ymax>249</ymax>
		</bndbox>
	</object>
</annotation>
