<annotation>
	<folder></folder>
	<filename>car-wbs-MH20CS9817_00000_jpeg.rf.49ffd064bb0bcf167cc60933194c73c2.jpg</filename>
	<path>car-wbs-MH20CS9817_00000_jpeg.rf.49ffd064bb0bcf167cc60933194c73c2.jpg</path>
	<source>
		<database>roboflow.ai</database>
	</source>
	<size>
		<width>300</width>
		<height>300</height>
		<depth>3</depth>
	</size>
	<segmented>0</segmented>
	<object>
		<name>MH20CS9817</name>
		<pose>Unspecified</pose>
		<truncated>0</truncated>
		<difficult>0</difficult>
		<occluded>0</occluded>
		<bndbox>
			<xmin>51</xmin>
			<xmax>187</xmax>
			<ymin>121</ymin>
			<ymax>182</ymax>
		</bndbox>
	</object>
</annotation>
