<annotation>
	<folder></folder>
	<filename>car-wbs-MH20BN3525_00001_jpeg.rf.8fc8ca22dced7ea0ae890b282c49f2b9.jpg</filename>
	<path>car-wbs-MH20BN3525_00001_jpeg.rf.8fc8ca22dced7ea0ae890b282c49f2b9.jpg</path>
	<source>
		<database>roboflow.ai</database>
	</source>
	<size>
		<width>300</width>
		<height>300</height>
		<depth>3</depth>
	</size>
	<segmented>0</segmented>
	<object>
		<name>MH20BN3525</name>
		<pose>Unspecified</pose>
		<truncated>0</truncated>
		<difficult>0</difficult>
		<occluded>0</occluded>
		<bndbox>
			<xmin>112</xmin>
			<xmax>250</xmax>
			<ymin>202</ymin>
			<ymax>241</ymax>
		</bndbox>
	</object>
</annotation>
