<annotation>
	<folder></folder>
	<filename>car-wbs-DL8CX4850_00000_png.rf.333221d2c0dd9c9a7f1d0ac82bd3daa9.jpg</filename>
	<path>car-wbs-DL8CX4850_00000_png.rf.333221d2c0dd9c9a7f1d0ac82bd3daa9.jpg</path>
	<source>
		<database>roboflow.ai</database>
	</source>
	<size>
		<width>300</width>
		<height>300</height>
		<depth>3</depth>
	</size>
	<segmented>0</segmented>
	<object>
		<name>DL8CX4850</name>
		<pose>Unspecified</pose>
		<truncated>0</truncated>
		<difficult>0</difficult>
		<occluded>0</occluded>
		<bndbox>
			<xmin>91</xmin>
			<xmax>197</xmax>
			<ymin>198</ymin>
			<ymax>233</ymax>
		</bndbox>
	</object>
</annotation>
