<annotation>
	<folder></folder>
	<filename>car-wbs-MH46X9996_00000_jpg.rf.7f95c20af00d366f93d0eb772bca9fd9.jpg</filename>
	<path>car-wbs-MH46X9996_00000_jpg.rf.7f95c20af00d366f93d0eb772bca9fd9.jpg</path>
	<source>
		<database>roboflow.ai</database>
	</source>
	<size>
		<width>300</width>
		<height>300</height>
		<depth>3</depth>
	</size>
	<segmented>0</segmented>
	<object>
		<name>MH46X9996</name>
		<pose>Unspecified</pose>
		<truncated>0</truncated>
		<difficult>0</difficult>
		<occluded>0</occluded>
		<bndbox>
			<xmin>97</xmin>
			<xmax>203</xmax>
			<ymin>245</ymin>
			<ymax>273</ymax>
		</bndbox>
	</object>
</annotation>
