<annotation>
	<folder></folder>
	<filename>car-wbs-HR26BC5514_00001_png.rf.7b827f2ddf4308dd0707bc34aae76b09.jpg</filename>
	<path>car-wbs-HR26BC5514_00001_png.rf.7b827f2ddf4308dd0707bc34aae76b09.jpg</path>
	<source>
		<database>roboflow.ai</database>
	</source>
	<size>
		<width>300</width>
		<height>300</height>
		<depth>3</depth>
	</size>
	<segmented>0</segmented>
	<object>
		<name>HR26BC5514</name>
		<pose>Unspecified</pose>
		<truncated>0</truncated>
		<difficult>0</difficult>
		<occluded>0</occluded>
		<bndbox>
			<xmin>120</xmin>
			<xmax>178</xmax>
			<ymin>221</ymin>
			<ymax>239</ymax>
		</bndbox>
	</object>
</annotation>
