<annotation>
	<folder></folder>
	<filename>car-wbs-TN37CR4019_00000_jpeg.rf.194b69cbf8581c9b5263086ef2ad889d.jpg</filename>
	<path>car-wbs-TN37CR4019_00000_jpeg.rf.194b69cbf8581c9b5263086ef2ad889d.jpg</path>
	<source>
		<database>roboflow.ai</database>
	</source>
	<size>
		<width>300</width>
		<height>300</height>
		<depth>3</depth>
	</size>
	<segmented>0</segmented>
	<object>
		<name>TN37CR4019</name>
		<pose>Unspecified</pose>
		<truncated>0</truncated>
		<difficult>0</difficult>
		<occluded>0</occluded>
		<bndbox>
			<xmin>75</xmin>
			<xmax>219</xmax>
			<ymin>149</ymin>
			<ymax>199</ymax>
		</bndbox>
	</object>
</annotation>
