<annotation>
	<folder></folder>
	<filename>car-wbs-MH20BY3665_00000_jpeg.rf.0f8537ae359032d294dd0a2b01e421c8.jpg</filename>
	<path>car-wbs-MH20BY3665_00000_jpeg.rf.0f8537ae359032d294dd0a2b01e421c8.jpg</path>
	<source>
		<database>roboflow.ai</database>
	</source>
	<size>
		<width>300</width>
		<height>300</height>
		<depth>3</depth>
	</size>
	<segmented>0</segmented>
	<object>
		<name>MH20BY3665</name>
		<pose>Unspecified</pose>
		<truncated>0</truncated>
		<difficult>0</difficult>
		<occluded>0</occluded>
		<bndbox>
			<xmin>112</xmin>
			<xmax>195</xmax>
			<ymin>115</ymin>
			<ymax>147</ymax>
		</bndbox>
	</object>
</annotation>
