<annotation>
	<folder></folder>
	<filename>car-wbs-TN21AT0479_00000_jpg.rf.842c309747bec8bd17443e74d205682d.jpg</filename>
	<path>car-wbs-TN21AT0479_00000_jpg.rf.842c309747bec8bd17443e74d205682d.jpg</path>
	<source>
		<database>roboflow.ai</database>
	</source>
	<size>
		<width>300</width>
		<height>300</height>
		<depth>3</depth>
	</size>
	<segmented>0</segmented>
	<object>
		<name>TN21AT0479</name>
		<pose>Unspecified</pose>
		<truncated>0</truncated>
		<difficult>0</difficult>
		<occluded>0</occluded>
		<bndbox>
			<xmin>197</xmin>
			<xmax>263</xmax>
			<ymin>228</ymin>
			<ymax>247</ymax>
		</bndbox>
	</object>
</annotation>
