<annotation>
	<folder></folder>
	<filename>car-wbs-KL01CA2555_00000_jpeg.rf.f6835474f8f4d592be37f66dc81d3e90.jpg</filename>
	<path>car-wbs-KL01CA2555_00000_jpeg.rf.f6835474f8f4d592be37f66dc81d3e90.jpg</path>
	<source>
		<database>roboflow.ai</database>
	</source>
	<size>
		<width>300</width>
		<height>300</height>
		<depth>3</depth>
	</size>
	<segmented>0</segmented>
	<object>
		<name>KL01CA2555</name>
		<pose>Unspecified</pose>
		<truncated>0</truncated>
		<difficult>0</difficult>
		<occluded>0</occluded>
		<bndbox>
			<xmin>139</xmin>
			<xmax>251</xmax>
			<ymin>137</ymin>
			<ymax>201</ymax>
		</bndbox>
	</object>
</annotation>
