<annotation>
	<folder></folder>
	<filename>car-wbs-KL65H4383_00000_jpg.rf.271f3b21c5e055003c9efb366a10e5b6.jpg</filename>
	<path>car-wbs-KL65H4383_00000_jpg.rf.271f3b21c5e055003c9efb366a10e5b6.jpg</path>
	<source>
		<database>roboflow.ai</database>
	</source>
	<size>
		<width>300</width>
		<height>300</height>
		<depth>3</depth>
	</size>
	<segmented>0</segmented>
	<object>
		<name>KL65H4383</name>
		<pose>Unspecified</pose>
		<truncated>0</truncated>
		<difficult>0</difficult>
		<occluded>0</occluded>
		<bndbox>
			<xmin>81</xmin>
			<xmax>218</xmax>
			<ymin>139</ymin>
			<ymax>201</ymax>
		</bndbox>
	</object>
</annotation>
