<annotation>
	<folder></folder>
	<filename>car-wbs-TN21AT0492_00000_jpg.rf.8fd008c6827d04503db28f2bfae08298.jpg</filename>
	<path>car-wbs-TN21AT0492_00000_jpg.rf.8fd008c6827d04503db28f2bfae08298.jpg</path>
	<source>
		<database>roboflow.ai</database>
	</source>
	<size>
		<width>300</width>
		<height>300</height>
		<depth>3</depth>
	</size>
	<segmented>0</segmented>
	<object>
		<name>TN21AT0492</name>
		<pose>Unspecified</pose>
		<truncated>0</truncated>
		<difficult>0</difficult>
		<occluded>0</occluded>
		<bndbox>
			<xmin>196</xmin>
			<xmax>276</xmax>
			<ymin>222</ymin>
			<ymax>284</ymax>
		</bndbox>
	</object>
</annotation>
