<annotation>
	<folder></folder>
	<filename>car-wbs-MH20DV2362_00000_jpeg.rf.a5899aa65e398f882f02702dc40f0f62.jpg</filename>
	<path>car-wbs-MH20DV2362_00000_jpeg.rf.a5899aa65e398f882f02702dc40f0f62.jpg</path>
	<source>
		<database>roboflow.ai</database>
	</source>
	<size>
		<width>300</width>
		<height>300</height>
		<depth>3</depth>
	</size>
	<segmented>0</segmented>
	<object>
		<name>MH20DV2362</name>
		<pose>Unspecified</pose>
		<truncated>0</truncated>
		<difficult>0</difficult>
		<occluded>0</occluded>
		<bndbox>
			<xmin>21</xmin>
			<xmax>190</xmax>
			<ymin>240</ymin>
			<ymax>290</ymax>
		</bndbox>
	</object>
</annotation>
