<annotation>
	<folder></folder>
	<filename>car-wbs-KL07CB8599_00000_jpeg.rf.8814625b1e30965e403d9d2361e17a0f.jpg</filename>
	<path>car-wbs-KL07CB8599_00000_jpeg.rf.8814625b1e30965e403d9d2361e17a0f.jpg</path>
	<source>
		<database>roboflow.ai</database>
	</source>
	<size>
		<width>300</width>
		<height>300</height>
		<depth>3</depth>
	</size>
	<segmented>0</segmented>
	<object>
		<name>KL07CB8599</name>
		<pose>Unspecified</pose>
		<truncated>0</truncated>
		<difficult>0</difficult>
		<occluded>0</occluded>
		<bndbox>
			<xmin>128</xmin>
			<xmax>200</xmax>
			<ymin>149</ymin>
			<ymax>179</ymax>
		</bndbox>
	</object>
</annotation>
