<annotation>
	<folder></folder>
	<filename>car-wbs-TN21AT0480_00001_jpg.rf.d837acf175b66360a9ed75d83e8715b7.jpg</filename>
	<path>car-wbs-TN21AT0480_00001_jpg.rf.d837acf175b66360a9ed75d83e8715b7.jpg</path>
	<source>
		<database>roboflow.ai</database>
	</source>
	<size>
		<width>300</width>
		<height>300</height>
		<depth>3</depth>
	</size>
	<segmented>0</segmented>
	<object>
		<name>TN21AT0480</name>
		<pose>Unspecified</pose>
		<truncated>0</truncated>
		<difficult>0</difficult>
		<occluded>0</occluded>
		<bndbox>
			<xmin>54</xmin>
			<xmax>125</xmax>
			<ymin>193</ymin>
			<ymax>221</ymax>
		</bndbox>
	</object>
</annotation>
