<annotation>
	<folder></folder>
	<filename>car-wbs-TN99F2378_00000_jpeg.rf.bfde4403b63332c3c02fd14b0d3b01de.jpg</filename>
	<path>car-wbs-TN99F2378_00000_jpeg.rf.bfde4403b63332c3c02fd14b0d3b01de.jpg</path>
	<source>
		<database>roboflow.ai</database>
	</source>
	<size>
		<width>300</width>
		<height>300</height>
		<depth>3</depth>
	</size>
	<segmented>0</segmented>
	<object>
		<name>TN99F2378</name>
		<pose>Unspecified</pose>
		<truncated>0</truncated>
		<difficult>0</difficult>
		<occluded>0</occluded>
		<bndbox>
			<xmin>100</xmin>
			<xmax>291</xmax>
			<ymin>41</ymin>
			<ymax>107</ymax>
		</bndbox>
	</object>
</annotation>
