<annotation>
	<folder></folder>
	<filename>car-wbs-TN99F2378_00000_png.rf.bf8cf55debf8e9b4a3311e1791b83f27.jpg</filename>
	<path>car-wbs-TN99F2378_00000_png.rf.bf8cf55debf8e9b4a3311e1791b83f27.jpg</path>
	<source>
		<database>roboflow.ai</database>
	</source>
	<size>
		<width>300</width>
		<height>300</height>
		<depth>3</depth>
	</size>
	<segmented>0</segmented>
	<object>
		<name>TN99F2378</name>
		<pose>Unspecified</pose>
		<truncated>0</truncated>
		<difficult>0</difficult>
		<occluded>0</occluded>
		<bndbox>
			<xmin>76</xmin>
			<xmax>223</xmax>
			<ymin>34</ymin>
			<ymax>86</ymax>
		</bndbox>
	</object>
</annotation>
