<annotation>
	<folder></folder>
	<filename>car-wbs-HR26BC5514_00000_png.rf.29fb38a48543fde1ba51a05461132c11.jpg</filename>
	<path>car-wbs-HR26BC5514_00000_png.rf.29fb38a48543fde1ba51a05461132c11.jpg</path>
	<source>
		<database>roboflow.ai</database>
	</source>
	<size>
		<width>300</width>
		<height>300</height>
		<depth>3</depth>
	</size>
	<segmented>0</segmented>
	<object>
		<name>HR26BC5514</name>
		<pose>Unspecified</pose>
		<truncated>0</truncated>
		<difficult>0</difficult>
		<occluded>0</occluded>
		<bndbox>
			<xmin>124</xmin>
			<xmax>180</xmax>
			<ymin>202</ymin>
			<ymax>220</ymax>
		</bndbox>
	</object>
</annotation>
