<annotation>
	<folder></folder>
	<filename>car-wbs-MH20EE7598_00000_png.rf.fe2bc592814c721630e39d017d5b2340.jpg</filename>
	<path>car-wbs-MH20EE7598_00000_png.rf.fe2bc592814c721630e39d017d5b2340.jpg</path>
	<source>
		<database>roboflow.ai</database>
	</source>
	<size>
		<width>300</width>
		<height>300</height>
		<depth>3</depth>
	</size>
	<segmented>0</segmented>
	<object>
		<name>MH20EE7598</name>
		<pose>Unspecified</pose>
		<truncated>0</truncated>
		<difficult>0</difficult>
		<occluded>0</occluded>
		<bndbox>
			<xmin>126</xmin>
			<xmax>276</xmax>
			<ymin>154</ymin>
			<ymax>200</ymax>
		</bndbox>
	</object>
</annotation>
