<annotation>
	<folder></folder>
	<filename>car-wbs-MH20CS1941_00001_jpeg.rf.bb80253fa065b89619f175f3ba092ba4.jpg</filename>
	<path>car-wbs-MH20CS1941_00001_jpeg.rf.bb80253fa065b89619f175f3ba092ba4.jpg</path>
	<source>
		<database>roboflow.ai</database>
	</source>
	<size>
		<width>300</width>
		<height>300</height>
		<depth>3</depth>
	</size>
	<segmented>0</segmented>
	<object>
		<name>MH20CS1941</name>
		<pose>Unspecified</pose>
		<truncated>0</truncated>
		<difficult>0</difficult>
		<occluded>0</occluded>
		<bndbox>
			<xmin>105</xmin>
			<xmax>208</xmax>
			<ymin>104</ymin>
			<ymax>140</ymax>
		</bndbox>
	</object>
</annotation>
