<annotation>
	<folder></folder>
	<filename>car-wbs-MH20EE7598_00000_jpeg.rf.0e35f078a4538b9db967e61821ce852e.jpg</filename>
	<path>car-wbs-MH20EE7598_00000_jpeg.rf.0e35f078a4538b9db967e61821ce852e.jpg</path>
	<source>
		<database>roboflow.ai</database>
	</source>
	<size>
		<width>300</width>
		<height>300</height>
		<depth>3</depth>
	</size>
	<segmented>0</segmented>
	<object>
		<name>MH20EE7598</name>
		<pose>Unspecified</pose>
		<truncated>0</truncated>
		<difficult>0</difficult>
		<occluded>0</occluded>
		<bndbox>
			<xmin>123</xmin>
			<xmax>269</xmax>
			<ymin>140</ymin>
			<ymax>182</ymax>
		</bndbox>
	</object>
</annotation>
