<annotation>
	<folder></folder>
	<filename>car-wbs-GJ05JH2501_00000_jpg.rf.801bc8f6196fba3a95261a85beee2ac2.jpg</filename>
	<path>car-wbs-GJ05JH2501_00000_jpg.rf.801bc8f6196fba3a95261a85beee2ac2.jpg</path>
	<source>
		<database>roboflow.ai</database>
	</source>
	<size>
		<width>300</width>
		<height>300</height>
		<depth>3</depth>
	</size>
	<segmented>0</segmented>
	<object>
		<name>GJ05JH2501</name>
		<pose>Unspecified</pose>
		<truncated>0</truncated>
		<difficult>0</difficult>
		<occluded>0</occluded>
		<bndbox>
			<xmin>100</xmin>
			<xmax>196</xmax>
			<ymin>100</ymin>
			<ymax>114</ymax>
		</bndbox>
	</object>
</annotation>
