<annotation>
	<folder></folder>
	<filename>car-wbs-KL54H369_00000_jpeg.rf.b420061406110493aa4d47ec5c351c3e.jpg</filename>
	<path>car-wbs-KL54H369_00000_jpeg.rf.b420061406110493aa4d47ec5c351c3e.jpg</path>
	<source>
		<database>roboflow.ai</database>
	</source>
	<size>
		<width>300</width>
		<height>300</height>
		<depth>3</depth>
	</size>
	<segmented>0</segmented>
	<object>
		<name>KL54H369</name>
		<pose>Unspecified</pose>
		<truncated>0</truncated>
		<difficult>0</difficult>
		<occluded>0</occluded>
		<bndbox>
			<xmin>109</xmin>
			<xmax>202</xmax>
			<ymin>231</ymin>
			<ymax>260</ymax>
		</bndbox>
	</object>
</annotation>
