<annotation>
	<folder></folder>
	<filename>car-wbs-KL10AV6633_00000_jpg.rf.5bcd7d60f3df96ab9a598e1737cb4f6d.jpg</filename>
	<path>car-wbs-KL10AV6633_00000_jpg.rf.5bcd7d60f3df96ab9a598e1737cb4f6d.jpg</path>
	<source>
		<database>roboflow.ai</database>
	</source>
	<size>
		<width>300</width>
		<height>300</height>
		<depth>3</depth>
	</size>
	<segmented>0</segmented>
	<object>
		<name>KL10AV6633</name>
		<pose>Unspecified</pose>
		<truncated>0</truncated>
		<difficult>0</difficult>
		<occluded>0</occluded>
		<bndbox>
			<xmin>98</xmin>
			<xmax>210</xmax>
			<ymin>187</ymin>
			<ymax>232</ymax>
		</bndbox>
	</object>
</annotation>
