<annotation>
	<folder></folder>
	<filename>car-wbs-TN52U1580_00000_jpeg.rf.0ea84e66966c84c915d3e5b7aab0f802.jpg</filename>
	<path>car-wbs-TN52U1580_00000_jpeg.rf.0ea84e66966c84c915d3e5b7aab0f802.jpg</path>
	<source>
		<database>roboflow.ai</database>
	</source>
	<size>
		<width>300</width>
		<height>300</height>
		<depth>3</depth>
	</size>
	<segmented>0</segmented>
	<object>
		<name>TN52U1580</name>
		<pose>Unspecified</pose>
		<truncated>0</truncated>
		<difficult>0</difficult>
		<occluded>0</occluded>
		<bndbox>
			<xmin>34</xmin>
			<xmax>210</xmax>
			<ymin>161</ymin>
			<ymax>197</ymax>
		</bndbox>
	</object>
</annotation>
