<annotation>
	<folder></folder>
	<filename>car-wbs-KL12G7531_00000_jpeg.rf.6b95a25eff78d131fcf804381fbb50dd.jpg</filename>
	<path>car-wbs-KL12G7531_00000_jpeg.rf.6b95a25eff78d131fcf804381fbb50dd.jpg</path>
	<source>
		<database>roboflow.ai</database>
	</source>
	<size>
		<width>300</width>
		<height>300</height>
		<depth>3</depth>
	</size>
	<segmented>0</segmented>
	<object>
		<name>KL12G7531</name>
		<pose>Unspecified</pose>
		<truncated>0</truncated>
		<difficult>0</difficult>
		<occluded>0</occluded>
		<bndbox>
			<xmin>200</xmin>
			<xmax>268</xmax>
			<ymin>159</ymin>
			<ymax>200</ymax>
		</bndbox>
	</object>
</annotation>
