<annotation>
	<folder></folder>
	<filename>car-wbs-MH03BS7778_00001_jpeg.rf.4d248fbe07ab99e62fb8d4e4c7992856.jpg</filename>
	<path>car-wbs-MH03BS7778_00001_jpeg.rf.4d248fbe07ab99e62fb8d4e4c7992856.jpg</path>
	<source>
		<database>roboflow.ai</database>
	</source>
	<size>
		<width>300</width>
		<height>300</height>
		<depth>3</depth>
	</size>
	<segmented>0</segmented>
	<object>
		<name>MH03BS7778</name>
		<pose>Unspecified</pose>
		<truncated>0</truncated>
		<difficult>0</difficult>
		<occluded>0</occluded>
		<bndbox>
			<xmin>121</xmin>
			<xmax>222</xmax>
			<ymin>147</ymin>
			<ymax>180</ymax>
		</bndbox>
	</object>
</annotation>
