<annotation>
	<folder></folder>
	<filename>car-ybs-MH47N4570_00000_png.rf.ac9a8b070f6623962dae493d93b6202a.jpg</filename>
	<path>car-ybs-MH47N4570_00000_png.rf.ac9a8b070f6623962dae493d93b6202a.jpg</path>
	<source>
		<database>roboflow.ai</database>
	</source>
	<size>
		<width>300</width>
		<height>300</height>
		<depth>3</depth>
	</size>
	<segmented>0</segmented>
	<object>
		<name>MH47N4570</name>
		<pose>Unspecified</pose>
		<truncated>0</truncated>
		<difficult>0</difficult>
		<occluded>0</occluded>
		<bndbox>
			<xmin>103</xmin>
			<xmax>206</xmax>
			<ymin>159</ymin>
			<ymax>189</ymax>
		</bndbox>
	</object>
</annotation>
