<annotation>
	<folder></folder>
	<filename>car-wbs-KL01CC50_00000_png.rf.87dc7e8aea40f57f58449f7361721006.jpg</filename>
	<path>car-wbs-KL01CC50_00000_png.rf.87dc7e8aea40f57f58449f7361721006.jpg</path>
	<source>
		<database>roboflow.ai</database>
	</source>
	<size>
		<width>300</width>
		<height>300</height>
		<depth>3</depth>
	</size>
	<segmented>0</segmented>
	<object>
		<name>KL01CC50</name>
		<pose>Unspecified</pose>
		<truncated>0</truncated>
		<difficult>0</difficult>
		<occluded>0</occluded>
		<bndbox>
			<xmin>139</xmin>
			<xmax>261</xmax>
			<ymin>104</ymin>
			<ymax>199</ymax>
		</bndbox>
	</object>
</annotation>
