<annotation>
	<folder></folder>
	<filename>car-ybs-MH46AD5258_00001_png.rf.8db97e86fe727e43032aaee070e33e48.jpg</filename>
	<path>car-ybs-MH46AD5258_00001_png.rf.8db97e86fe727e43032aaee070e33e48.jpg</path>
	<source>
		<database>roboflow.ai</database>
	</source>
	<size>
		<width>300</width>
		<height>300</height>
		<depth>3</depth>
	</size>
	<segmented>0</segmented>
	<object>
		<name>MH46AD5258</name>
		<pose>Unspecified</pose>
		<truncated>0</truncated>
		<difficult>0</difficult>
		<occluded>0</occluded>
		<bndbox>
			<xmin>108</xmin>
			<xmax>211</xmax>
			<ymin>138</ymin>
			<ymax>175</ymax>
		</bndbox>
	</object>
</annotation>
