<annotation>
	<folder></folder>
	<filename>car-ybs-MH47N4570_00002_png.rf.6032e48a95f6ecd72c764317904aee4d.jpg</filename>
	<path>car-ybs-MH47N4570_00002_png.rf.6032e48a95f6ecd72c764317904aee4d.jpg</path>
	<source>
		<database>roboflow.ai</database>
	</source>
	<size>
		<width>300</width>
		<height>300</height>
		<depth>3</depth>
	</size>
	<segmented>0</segmented>
	<object>
		<name>MH47N4570</name>
		<pose>Unspecified</pose>
		<truncated>0</truncated>
		<difficult>0</difficult>
		<occluded>0</occluded>
		<bndbox>
			<xmin>96</xmin>
			<xmax>207</xmax>
			<ymin>196</ymin>
			<ymax>238</ymax>
		</bndbox>
	</object>
</annotation>
