<annotation>
	<folder></folder>
	<filename>car-wbs-GJ05JH2501_00001_jpg.rf.71fa025d86d39e2aee7c10c3e4b3c491.jpg</filename>
	<path>car-wbs-GJ05JH2501_00001_jpg.rf.71fa025d86d39e2aee7c10c3e4b3c491.jpg</path>
	<source>
		<database>roboflow.ai</database>
	</source>
	<size>
		<width>300</width>
		<height>300</height>
		<depth>3</depth>
	</size>
	<segmented>0</segmented>
	<object>
		<name>GJ05JH2501</name>
		<pose>Unspecified</pose>
		<truncated>0</truncated>
		<difficult>0</difficult>
		<occluded>0</occluded>
		<bndbox>
			<xmin>94</xmin>
			<xmax>181</xmax>
			<ymin>124</ymin>
			<ymax>138</ymax>
		</bndbox>
	</object>
</annotation>
