<annotation>
	<folder></folder>
	<filename>car-wbs-MH12DE1433_00000_png.rf.446dc1809bbc696fdb84cd5688021db1.jpg</filename>
	<path>car-wbs-MH12DE1433_00000_png.rf.446dc1809bbc696fdb84cd5688021db1.jpg</path>
	<source>
		<database>roboflow.ai</database>
	</source>
	<size>
		<width>300</width>
		<height>300</height>
		<depth>3</depth>
	</size>
	<segmented>0</segmented>
	<object>
		<name>MH12DE1433</name>
		<pose>Unspecified</pose>
		<truncated>0</truncated>
		<difficult>0</difficult>
		<occluded>0</occluded>
		<bndbox>
			<xmin>132</xmin>
			<xmax>241</xmax>
			<ymin>140</ymin>
			<ymax>186</ymax>
		</bndbox>
	</object>
</annotation>
