<annotation>
	<folder></folder>
	<filename>car-wbs-MH03BS7778_00002_jpeg.rf.3b0cc9656d144e2a184f02ce4300231e.jpg</filename>
	<path>car-wbs-MH03BS7778_00002_jpeg.rf.3b0cc9656d144e2a184f02ce4300231e.jpg</path>
	<source>
		<database>roboflow.ai</database>
	</source>
	<size>
		<width>300</width>
		<height>300</height>
		<depth>3</depth>
	</size>
	<segmented>0</segmented>
	<object>
		<name>MH03BS7778</name>
		<pose>Unspecified</pose>
		<truncated>0</truncated>
		<difficult>0</difficult>
		<occluded>0</occluded>
		<bndbox>
			<xmin>100</xmin>
			<xmax>185</xmax>
			<ymin>212</ymin>
			<ymax>235</ymax>
		</bndbox>
	</object>
</annotation>
