<annotation>
	<folder></folder>
	<filename>car-wbs-TS08ER1643_00000_png.rf.419d3e1e3d1aedbdb754cf68f5409895.jpg</filename>
	<path>car-wbs-TS08ER1643_00000_png.rf.419d3e1e3d1aedbdb754cf68f5409895.jpg</path>
	<source>
		<database>roboflow.ai</database>
	</source>
	<size>
		<width>300</width>
		<height>300</height>
		<depth>3</depth>
	</size>
	<segmented>0</segmented>
	<object>
		<name>TS08ER1643</name>
		<pose>Unspecified</pose>
		<truncated>0</truncated>
		<difficult>0</difficult>
		<occluded>0</occluded>
		<bndbox>
			<xmin>1</xmin>
			<xmax>292</xmax>
			<ymin>28</ymin>
			<ymax>154</ymax>
		</bndbox>
	</object>
</annotation>
