<annotation>
	<folder></folder>
	<filename>car-wbs-HR26AZ5927_00000_png.rf.1b54fe99c372d0f79091827915d2f8f8.jpg</filename>
	<path>car-wbs-HR26AZ5927_00000_png.rf.1b54fe99c372d0f79091827915d2f8f8.jpg</path>
	<source>
		<database>roboflow.ai</database>
	</source>
	<size>
		<width>300</width>
		<height>300</height>
		<depth>3</depth>
	</size>
	<segmented>0</segmented>
	<object>
		<name>HR26AZ5927</name>
		<pose>Unspecified</pose>
		<truncated>0</truncated>
		<difficult>0</difficult>
		<occluded>0</occluded>
		<bndbox>
			<xmin>120</xmin>
			<xmax>176</xmax>
			<ymin>203</ymin>
			<ymax>223</ymax>
		</bndbox>
	</object>
</annotation>
