<annotation>
	<folder></folder>
	<filename>car-wbs-MH14EP4660_00000_jpeg.rf.c0570579d7007eba348e72eb79e7b995.jpg</filename>
	<path>car-wbs-MH14EP4660_00000_jpeg.rf.c0570579d7007eba348e72eb79e7b995.jpg</path>
	<source>
		<database>roboflow.ai</database>
	</source>
	<size>
		<width>300</width>
		<height>300</height>
		<depth>3</depth>
	</size>
	<segmented>0</segmented>
	<object>
		<name>MH14EP4660</name>
		<pose>Unspecified</pose>
		<truncated>0</truncated>
		<difficult>0</difficult>
		<occluded>0</occluded>
		<bndbox>
			<xmin>105</xmin>
			<xmax>226</xmax>
			<ymin>187</ymin>
			<ymax>219</ymax>
		</bndbox>
	</object>
</annotation>
