<annotation>
	<folder></folder>
	<filename>car-wbs-MH20BQ20_00000_png.rf.67e9c6f26167d98708e0410aa5677bc4.jpg</filename>
	<path>car-wbs-MH20BQ20_00000_png.rf.67e9c6f26167d98708e0410aa5677bc4.jpg</path>
	<source>
		<database>roboflow.ai</database>
	</source>
	<size>
		<width>300</width>
		<height>300</height>
		<depth>3</depth>
	</size>
	<segmented>0</segmented>
	<object>
		<name>MH20BQ20</name>
		<pose>Unspecified</pose>
		<truncated>0</truncated>
		<difficult>0</difficult>
		<occluded>0</occluded>
		<bndbox>
			<xmin>92</xmin>
			<xmax>206</xmax>
			<ymin>159</ymin>
			<ymax>229</ymax>
		</bndbox>
	</object>
</annotation>
