<annotation>
	<folder></folder>
	<filename>car-wbs-HR26CU6799_00000_png.rf.f0af0aab019edff55fe21aab426fd563.jpg</filename>
	<path>car-wbs-HR26CU6799_00000_png.rf.f0af0aab019edff55fe21aab426fd563.jpg</path>
	<source>
		<database>roboflow.ai</database>
	</source>
	<size>
		<width>300</width>
		<height>300</height>
		<depth>3</depth>
	</size>
	<segmented>0</segmented>
	<object>
		<name>HR26CU6799</name>
		<pose>Unspecified</pose>
		<truncated>0</truncated>
		<difficult>0</difficult>
		<occluded>0</occluded>
		<bndbox>
			<xmin>175</xmin>
			<xmax>231</xmax>
			<ymin>172</ymin>
			<ymax>199</ymax>
		</bndbox>
	</object>
</annotation>
