<annotation>
	<folder></folder>
	<filename>car-wbs-MH20EE045_00000_jpeg.rf.617e8a8cfeee12d2faa96e46f8422fb2.jpg</filename>
	<path>car-wbs-MH20EE045_00000_jpeg.rf.617e8a8cfeee12d2faa96e46f8422fb2.jpg</path>
	<source>
		<database>roboflow.ai</database>
	</source>
	<size>
		<width>300</width>
		<height>300</height>
		<depth>3</depth>
	</size>
	<segmented>0</segmented>
	<object>
		<name>MH20EE045</name>
		<pose>Unspecified</pose>
		<truncated>0</truncated>
		<difficult>0</difficult>
		<occluded>0</occluded>
		<bndbox>
			<xmin>135</xmin>
			<xmax>242</xmax>
			<ymin>133</ymin>
			<ymax>172</ymax>
		</bndbox>
	</object>
</annotation>
