<annotation>
	<folder></folder>
	<filename>car-wbs-TN21BY0166_00000_png.rf.38239e9a9e871775f9d5cfe7e159a859.jpg</filename>
	<path>car-wbs-TN21BY0166_00000_png.rf.38239e9a9e871775f9d5cfe7e159a859.jpg</path>
	<source>
		<database>roboflow.ai</database>
	</source>
	<size>
		<width>300</width>
		<height>300</height>
		<depth>3</depth>
	</size>
	<segmented>0</segmented>
	<object>
		<name>TN21BY0166</name>
		<pose>Unspecified</pose>
		<truncated>0</truncated>
		<difficult>0</difficult>
		<occluded>0</occluded>
		<bndbox>
			<xmin>163</xmin>
			<xmax>244</xmax>
			<ymin>139</ymin>
			<ymax>180</ymax>
		</bndbox>
	</object>
</annotation>
