<annotation>
	<folder></folder>
	<filename>car-wbs-KL20K7561_00000_jpeg.rf.ccb99e57f409c25fea1916407459caea.jpg</filename>
	<path>car-wbs-KL20K7561_00000_jpeg.rf.ccb99e57f409c25fea1916407459caea.jpg</path>
	<source>
		<database>roboflow.ai</database>
	</source>
	<size>
		<width>300</width>
		<height>300</height>
		<depth>3</depth>
	</size>
	<segmented>0</segmented>
	<object>
		<name>KL20K7561</name>
		<pose>Unspecified</pose>
		<truncated>0</truncated>
		<difficult>0</difficult>
		<occluded>0</occluded>
		<bndbox>
			<xmin>95</xmin>
			<xmax>184</xmax>
			<ymin>124</ymin>
			<ymax>157</ymax>
		</bndbox>
	</object>
</annotation>
