<annotation>
	<folder></folder>
	<filename>car-wbs-MH20CS4946_00000_jpeg.rf.26ff36b445df742ba9e72c510aa63184.jpg</filename>
	<path>car-wbs-MH20CS4946_00000_jpeg.rf.26ff36b445df742ba9e72c510aa63184.jpg</path>
	<source>
		<database>roboflow.ai</database>
	</source>
	<size>
		<width>300</width>
		<height>300</height>
		<depth>3</depth>
	</size>
	<segmented>0</segmented>
	<object>
		<name>MH20CS4946</name>
		<pose>Unspecified</pose>
		<truncated>0</truncated>
		<difficult>0</difficult>
		<occluded>0</occluded>
		<bndbox>
			<xmin>124</xmin>
			<xmax>205</xmax>
			<ymin>151</ymin>
			<ymax>171</ymax>
		</bndbox>
	</object>
</annotation>
