<annotation>
	<folder></folder>
	<filename>car-wbs-KA01CA2555_00000_png.rf.8f9e469da95735c5a183019e5609aad7.jpg</filename>
	<path>car-wbs-KA01CA2555_00000_png.rf.8f9e469da95735c5a183019e5609aad7.jpg</path>
	<source>
		<database>roboflow.ai</database>
	</source>
	<size>
		<width>300</width>
		<height>300</height>
		<depth>3</depth>
	</size>
	<segmented>0</segmented>
	<object>
		<name>KL01CA2555</name>
		<pose>Unspecified</pose>
		<truncated>0</truncated>
		<difficult>0</difficult>
		<occluded>0</occluded>
		<bndbox>
			<xmin>139</xmin>
			<xmax>251</xmax>
			<ymin>135</ymin>
			<ymax>199</ymax>
		</bndbox>
	</object>
</annotation>
