<annotation>
	<folder></folder>
	<filename>car-wbs-TN74F3339_00000_jpeg.rf.d3caebde62f3972e6155e6d6830b711d.jpg</filename>
	<path>car-wbs-TN74F3339_00000_jpeg.rf.d3caebde62f3972e6155e6d6830b711d.jpg</path>
	<source>
		<database>roboflow.ai</database>
	</source>
	<size>
		<width>300</width>
		<height>300</height>
		<depth>3</depth>
	</size>
	<segmented>0</segmented>
	<object>
		<name>TN74F3339</name>
		<pose>Unspecified</pose>
		<truncated>0</truncated>
		<difficult>0</difficult>
		<occluded>0</occluded>
		<bndbox>
			<xmin>204</xmin>
			<xmax>274</xmax>
			<ymin>152</ymin>
			<ymax>172</ymax>
		</bndbox>
	</object>
</annotation>
