<annotation>
	<folder></folder>
	<filename>car-wbs-MH14EH5819_00000_jpeg.rf.28a01e467f57ea498d08b60dd6f7b189.jpg</filename>
	<path>car-wbs-MH14EH5819_00000_jpeg.rf.28a01e467f57ea498d08b60dd6f7b189.jpg</path>
	<source>
		<database>roboflow.ai</database>
	</source>
	<size>
		<width>300</width>
		<height>300</height>
		<depth>3</depth>
	</size>
	<segmented>0</segmented>
	<object>
		<name>MH14EH5819</name>
		<pose>Unspecified</pose>
		<truncated>0</truncated>
		<difficult>0</difficult>
		<occluded>0</occluded>
		<bndbox>
			<xmin>206</xmin>
			<xmax>278</xmax>
			<ymin>185</ymin>
			<ymax>215</ymax>
		</bndbox>
	</object>
</annotation>
