<annotation>
	<folder></folder>
	<filename>car-wbs-TN21AU1153_00000_png.rf.c767279966570ee5414f0bb872c80c0c.jpg</filename>
	<path>car-wbs-TN21AU1153_00000_png.rf.c767279966570ee5414f0bb872c80c0c.jpg</path>
	<source>
		<database>roboflow.ai</database>
	</source>
	<size>
		<width>300</width>
		<height>300</height>
		<depth>3</depth>
	</size>
	<segmented>0</segmented>
	<object>
		<name>TN21AU1153</name>
		<pose>Unspecified</pose>
		<truncated>0</truncated>
		<difficult>0</difficult>
		<occluded>0</occluded>
		<bndbox>
			<xmin>56</xmin>
			<xmax>116</xmax>
			<ymin>215</ymin>
			<ymax>243</ymax>
		</bndbox>
	</object>
</annotation>
