<annotation>
	<folder></folder>
	<filename>car-wbs-PB08CX2959_00000_jpeg.rf.5d8b5cbc2c717381aeac2d6031022316.jpg</filename>
	<path>car-wbs-PB08CX2959_00000_jpeg.rf.5d8b5cbc2c717381aeac2d6031022316.jpg</path>
	<source>
		<database>roboflow.ai</database>
	</source>
	<size>
		<width>300</width>
		<height>300</height>
		<depth>3</depth>
	</size>
	<segmented>0</segmented>
	<object>
		<name>PB08CX2959</name>
		<pose>Unspecified</pose>
		<truncated>0</truncated>
		<difficult>0</difficult>
		<occluded>0</occluded>
		<bndbox>
			<xmin>61</xmin>
			<xmax>198</xmax>
			<ymin>238</ymin>
			<ymax>269</ymax>
		</bndbox>
	</object>
</annotation>
