<annotation>
	<folder></folder>
	<filename>car-wbs-KL10AW2814_00001_jpeg.rf.ce6f5385241ba291cba6b0b946554f17.jpg</filename>
	<path>car-wbs-KL10AW2814_00001_jpeg.rf.ce6f5385241ba291cba6b0b946554f17.jpg</path>
	<source>
		<database>roboflow.ai</database>
	</source>
	<size>
		<width>300</width>
		<height>300</height>
		<depth>3</depth>
	</size>
	<segmented>0</segmented>
	<object>
		<name>KL10AW2814</name>
		<pose>Unspecified</pose>
		<truncated>0</truncated>
		<difficult>0</difficult>
		<occluded>0</occluded>
		<bndbox>
			<xmin>65</xmin>
			<xmax>254</xmax>
			<ymin>158</ymin>
			<ymax>223</ymax>
		</bndbox>
	</object>
</annotation>
