<annotation>
	<folder></folder>
	<filename>car-wbs-MH06AW8929_00001_jpeg.rf.462c5502645b6c28c6cd692d9bbe78da.jpg</filename>
	<path>car-wbs-MH06AW8929_00001_jpeg.rf.462c5502645b6c28c6cd692d9bbe78da.jpg</path>
	<source>
		<database>roboflow.ai</database>
	</source>
	<size>
		<width>300</width>
		<height>300</height>
		<depth>3</depth>
	</size>
	<segmented>0</segmented>
	<object>
		<name>MH06AW8929</name>
		<pose>Unspecified</pose>
		<truncated>0</truncated>
		<difficult>0</difficult>
		<occluded>0</occluded>
		<bndbox>
			<xmin>100</xmin>
			<xmax>189</xmax>
			<ymin>156</ymin>
			<ymax>214</ymax>
		</bndbox>
	</object>
</annotation>
