<annotation>
	<folder></folder>
	<filename>car-wbs-MH20EE7598_00001_jpeg.rf.9fdb45b46fca045d33e1301bf006e296.jpg</filename>
	<path>car-wbs-MH20EE7598_00001_jpeg.rf.9fdb45b46fca045d33e1301bf006e296.jpg</path>
	<source>
		<database>roboflow.ai</database>
	</source>
	<size>
		<width>300</width>
		<height>300</height>
		<depth>3</depth>
	</size>
	<segmented>0</segmented>
	<object>
		<name>MH20EE7598</name>
		<pose>Unspecified</pose>
		<truncated>0</truncated>
		<difficult>0</difficult>
		<occluded>0</occluded>
		<bndbox>
			<xmin>63</xmin>
			<xmax>226</xmax>
			<ymin>216</ymin>
			<ymax>250</ymax>
		</bndbox>
	</object>
</annotation>
