<annotation>
	<folder></folder>
	<filename>car-wbs-DL7CN5617_00000_png.rf.1647d4207319b7ddc14eb609cea3fcdc.jpg</filename>
	<path>car-wbs-DL7CN5617_00000_png.rf.1647d4207319b7ddc14eb609cea3fcdc.jpg</path>
	<source>
		<database>roboflow.ai</database>
	</source>
	<size>
		<width>300</width>
		<height>300</height>
		<depth>3</depth>
	</size>
	<segmented>0</segmented>
	<object>
		<name>DL7CN5617</name>
		<pose>Unspecified</pose>
		<truncated>0</truncated>
		<difficult>0</difficult>
		<occluded>0</occluded>
		<bndbox>
			<xmin>110</xmin>
			<xmax>195</xmax>
			<ymin>164</ymin>
			<ymax>187</ymax>
		</bndbox>
	</object>
</annotation>
