<annotation>
	<folder></folder>
	<filename>car-wbs-MH02CB4545_00000_jpeg.rf.78ea795429b25ff146a0eaaa2d95e65c.jpg</filename>
	<path>car-wbs-MH02CB4545_00000_jpeg.rf.78ea795429b25ff146a0eaaa2d95e65c.jpg</path>
	<source>
		<database>roboflow.ai</database>
	</source>
	<size>
		<width>300</width>
		<height>300</height>
		<depth>3</depth>
	</size>
	<segmented>0</segmented>
	<object>
		<name>MH02CB4545</name>
		<pose>Unspecified</pose>
		<truncated>0</truncated>
		<difficult>0</difficult>
		<occluded>0</occluded>
		<bndbox>
			<xmin>53</xmin>
			<xmax>157</xmax>
			<ymin>230</ymin>
			<ymax>300</ymax>
		</bndbox>
	</object>
</annotation>
