<annotation>
	<folder></folder>
	<filename>cc80e5c6-2cb7-40f7-a072-3f4cb5a56c65___Dileep_Car_Innova_1-jpg_jpeg.rf.2bb0b61051455ce1830861e354f6df4d.jpg</filename>
	<path>cc80e5c6-2cb7-40f7-a072-3f4cb5a56c65___Dileep_Car_Innova_1-jpg_jpeg.rf.2bb0b61051455ce1830861e354f6df4d.jpg</path>
	<source>
		<database>roboflow.ai</database>
	</source>
	<size>
		<width>300</width>
		<height>300</height>
		<depth>3</depth>
	</size>
	<segmented>0</segmented>
	<object>
		<name>KL07BF2007</name>
		<pose>Unspecified</pose>
		<truncated>0</truncated>
		<difficult>0</difficult>
		<occluded>0</occluded>
		<bndbox>
			<xmin>107</xmin>
			<xmax>225</xmax>
			<ymin>144</ymin>
			<ymax>177</ymax>
		</bndbox>
	</object>
</annotation>
