<annotation>
	<folder></folder>
	<filename>cf011553-f802-4b11-99ec-6e03d731b646___new_2014-VW-Polo-facelift-spied-India-rear-jpg_jpeg.rf.10514f170503e8b5101cc6cce3d79218.jpg</filename>
	<path>cf011553-f802-4b11-99ec-6e03d731b646___new_2014-VW-Polo-facelift-spied-India-rear-jpg_jpeg.rf.10514f170503e8b5101cc6cce3d79218.jpg</path>
	<source>
		<database>roboflow.ai</database>
	</source>
	<size>
		<width>300</width>
		<height>300</height>
		<depth>3</depth>
	</size>
	<segmented>0</segmented>
	<object>
		<name>MH14TCF460</name>
		<pose>Unspecified</pose>
		<truncated>0</truncated>
		<difficult>0</difficult>
		<occluded>0</occluded>
		<bndbox>
			<xmin>119</xmin>
			<xmax>226</xmax>
			<ymin>215</ymin>
			<ymax>240</ymax>
		</bndbox>
	</object>
</annotation>
