<annotation>
	<folder></folder>
	<filename>CG10_jpg.rf.a5bc0f3779e152b3f49c6f494759a73b.jpg</filename>
	<path>CG10_jpg.rf.a5bc0f3779e152b3f49c6f494759a73b.jpg</path>
	<source>
		<database>roboflow.ai</database>
	</source>
	<size>
		<width>300</width>
		<height>300</height>
		<depth>3</depth>
	</size>
	<segmented>0</segmented>
	<object>
		<name>CG22H7740</name>
		<pose>Unspecified</pose>
		<truncated>0</truncated>
		<difficult>0</difficult>
		<occluded>0</occluded>
		<bndbox>
			<xmin>82</xmin>
			<xmax>196</xmax>
			<ymin>185</ymin>
			<ymax>197</ymax>
		</bndbox>
	</object>
</annotation>
