<annotation>
	<folder></folder>
	<filename>CG11_jpg.rf.c955afc02a1f24e7ffc2656c8f1f1141.jpg</filename>
	<path>CG11_jpg.rf.c955afc02a1f24e7ffc2656c8f1f1141.jpg</path>
	<source>
		<database>roboflow.ai</database>
	</source>
	<size>
		<width>300</width>
		<height>300</height>
		<depth>3</depth>
	</size>
	<segmented>0</segmented>
	<object>
		<name>CG04HA4553</name>
		<pose>Unspecified</pose>
		<truncated>0</truncated>
		<difficult>0</difficult>
		<occluded>0</occluded>
		<bndbox>
			<xmin>147</xmin>
			<xmax>209</xmax>
			<ymin>143</ymin>
			<ymax>152</ymax>
		</bndbox>
	</object>
</annotation>
