<annotation>
	<folder></folder>
	<filename>CG12_jpg.rf.47de2d9c3e2d3c452b6a7c74c6e7ff4b.jpg</filename>
	<path>CG12_jpg.rf.47de2d9c3e2d3c452b6a7c74c6e7ff4b.jpg</path>
	<source>
		<database>roboflow.ai</database>
	</source>
	<size>
		<width>300</width>
		<height>300</height>
		<depth>3</depth>
	</size>
	<segmented>0</segmented>
	<object>
		<name>CG12AG1130</name>
		<pose>Unspecified</pose>
		<truncated>0</truncated>
		<difficult>0</difficult>
		<occluded>0</occluded>
		<bndbox>
			<xmin>93</xmin>
			<xmax>199</xmax>
			<ymin>215</ymin>
			<ymax>232</ymax>
		</bndbox>
	</object>
</annotation>
