<annotation>
	<folder></folder>
	<filename>CG13_jpg.rf.6a191699193aa1360da513c7cd9d9f29.jpg</filename>
	<path>CG13_jpg.rf.6a191699193aa1360da513c7cd9d9f29.jpg</path>
	<source>
		<database>roboflow.ai</database>
	</source>
	<size>
		<width>300</width>
		<height>300</height>
		<depth>3</depth>
	</size>
	<segmented>0</segmented>
	<object>
		<name>CG16B1802</name>
		<pose>Unspecified</pose>
		<truncated>0</truncated>
		<difficult>0</difficult>
		<occluded>0</occluded>
		<bndbox>
			<xmin>101</xmin>
			<xmax>195</xmax>
			<ymin>203</ymin>
			<ymax>221</ymax>
		</bndbox>
	</object>
</annotation>
