<annotation>
	<folder></folder>
	<filename>CG14_jpg.rf.d56dbbff5d4d6951fb47c09aaec703d1.jpg</filename>
	<path>CG14_jpg.rf.d56dbbff5d4d6951fb47c09aaec703d1.jpg</path>
	<source>
		<database>roboflow.ai</database>
	</source>
	<size>
		<width>300</width>
		<height>300</height>
		<depth>3</depth>
	</size>
	<segmented>0</segmented>
	<object>
		<name>CG09JA2359</name>
		<pose>Unspecified</pose>
		<truncated>0</truncated>
		<difficult>0</difficult>
		<occluded>0</occluded>
		<bndbox>
			<xmin>100</xmin>
			<xmax>152</xmax>
			<ymin>200</ymin>
			<ymax>213</ymax>
		</bndbox>
	</object>
</annotation>
