<annotation>
	<folder></folder>
	<filename>CG16_jpg.rf.0e07557e7bd0ba11648a34e40757a7b9.jpg</filename>
	<path>CG16_jpg.rf.0e07557e7bd0ba11648a34e40757a7b9.jpg</path>
	<source>
		<database>roboflow.ai</database>
	</source>
	<size>
		<width>300</width>
		<height>300</height>
		<depth>3</depth>
	</size>
	<segmented>0</segmented>
	<object>
		<name>CG07R2684</name>
		<pose>Unspecified</pose>
		<truncated>0</truncated>
		<difficult>0</difficult>
		<occluded>0</occluded>
		<bndbox>
			<xmin>99</xmin>
			<xmax>151</xmax>
			<ymin>188</ymin>
			<ymax>204</ymax>
		</bndbox>
	</object>
</annotation>
