<annotation>
	<folder></folder>
	<filename>CG17_jpg.rf.57752a0f5cd1525710b121b4781d79bc.jpg</filename>
	<path>CG17_jpg.rf.57752a0f5cd1525710b121b4781d79bc.jpg</path>
	<source>
		<database>roboflow.ai</database>
	</source>
	<size>
		<width>300</width>
		<height>300</height>
		<depth>3</depth>
	</size>
	<segmented>0</segmented>
	<object>
		<name>CG07MA2529</name>
		<pose>Unspecified</pose>
		<truncated>0</truncated>
		<difficult>0</difficult>
		<occluded>0</occluded>
		<bndbox>
			<xmin>113</xmin>
			<xmax>171</xmax>
			<ymin>179</ymin>
			<ymax>198</ymax>
		</bndbox>
	</object>
</annotation>
