<annotation>
	<folder></folder>
	<filename>CG18_jpg.rf.2ee2c3aeb8d175f7957a102efe9c9ad2.jpg</filename>
	<path>CG18_jpg.rf.2ee2c3aeb8d175f7957a102efe9c9ad2.jpg</path>
	<source>
		<database>roboflow.ai</database>
	</source>
	<size>
		<width>300</width>
		<height>300</height>
		<depth>3</depth>
	</size>
	<segmented>0</segmented>
	<object>
		<name>CG07CA7784</name>
		<pose>Unspecified</pose>
		<truncated>0</truncated>
		<difficult>0</difficult>
		<occluded>0</occluded>
		<bndbox>
			<xmin>122</xmin>
			<xmax>234</xmax>
			<ymin>204</ymin>
			<ymax>238</ymax>
		</bndbox>
	</object>
</annotation>
