<annotation>
	<folder></folder>
	<filename>CG1_jpg.rf.938d8e7a3fbc5f813c8a837e82745e25.jpg</filename>
	<path>CG1_jpg.rf.938d8e7a3fbc5f813c8a837e82745e25.jpg</path>
	<source>
		<database>roboflow.ai</database>
	</source>
	<size>
		<width>300</width>
		<height>300</height>
		<depth>3</depth>
	</size>
	<segmented>0</segmented>
	<object>
		<name>CG04HD6930</name>
		<pose>Unspecified</pose>
		<truncated>0</truncated>
		<difficult>0</difficult>
		<occluded>0</occluded>
		<bndbox>
			<xmin>113</xmin>
			<xmax>213</xmax>
			<ymin>237</ymin>
			<ymax>256</ymax>
		</bndbox>
	</object>
</annotation>
