<annotation>
	<folder></folder>
	<filename>CG22_jpg.rf.1bcb9ce87bfe66a244a9ca1314fd23f5.jpg</filename>
	<path>CG22_jpg.rf.1bcb9ce87bfe66a244a9ca1314fd23f5.jpg</path>
	<source>
		<database>roboflow.ai</database>
	</source>
	<size>
		<width>300</width>
		<height>300</height>
		<depth>3</depth>
	</size>
	<segmented>0</segmented>
	<object>
		<name>CG13AE4060</name>
		<pose>Unspecified</pose>
		<truncated>0</truncated>
		<difficult>0</difficult>
		<occluded>0</occluded>
		<bndbox>
			<xmin>104</xmin>
			<xmax>191</xmax>
			<ymin>244</ymin>
			<ymax>263</ymax>
		</bndbox>
	</object>
</annotation>
