<annotation>
	<folder></folder>
	<filename>CG4_jpg.rf.2b8d6a55f7db5b380f1608abcfbd3933.jpg</filename>
	<path>CG4_jpg.rf.2b8d6a55f7db5b380f1608abcfbd3933.jpg</path>
	<source>
		<database>roboflow.ai</database>
	</source>
	<size>
		<width>300</width>
		<height>300</height>
		<depth>3</depth>
	</size>
	<segmented>0</segmented>
	<object>
		<name>CG04HV7009</name>
		<pose>Unspecified</pose>
		<truncated>0</truncated>
		<difficult>0</difficult>
		<occluded>0</occluded>
		<bndbox>
			<xmin>115</xmin>
			<xmax>193</xmax>
			<ymin>274</ymin>
			<ymax>299</ymax>
		</bndbox>
	</object>
</annotation>
