<annotation>
	<folder></folder>
	<filename>CG6_jpg.rf.b9d4c713697c57cb1a47d39cbd392979.jpg</filename>
	<path>CG6_jpg.rf.b9d4c713697c57cb1a47d39cbd392979.jpg</path>
	<source>
		<database>roboflow.ai</database>
	</source>
	<size>
		<width>300</width>
		<height>300</height>
		<depth>3</depth>
	</size>
	<segmented>0</segmented>
	<object>
		<name>CG22AB1111</name>
		<pose>Unspecified</pose>
		<truncated>0</truncated>
		<difficult>0</difficult>
		<occluded>0</occluded>
		<bndbox>
			<xmin>128</xmin>
			<xmax>177</xmax>
			<ymin>230</ymin>
			<ymax>252</ymax>
		</bndbox>
	</object>
</annotation>
