<annotation>
	<folder></folder>
	<filename>CG7_jpg.rf.54a7a83dac4125ab76d0ffcc910c70b6.jpg</filename>
	<path>CG7_jpg.rf.54a7a83dac4125ab76d0ffcc910c70b6.jpg</path>
	<source>
		<database>roboflow.ai</database>
	</source>
	<size>
		<width>300</width>
		<height>300</height>
		<depth>3</depth>
	</size>
	<segmented>0</segmented>
	<object>
		<name>CG08K2057</name>
		<pose>Unspecified</pose>
		<truncated>0</truncated>
		<difficult>0</difficult>
		<occluded>0</occluded>
		<bndbox>
			<xmin>84</xmin>
			<xmax>182</xmax>
			<ymin>195</ymin>
			<ymax>204</ymax>
		</bndbox>
	</object>
</annotation>
