<annotation>
	<folder></folder>
	<filename>CG9_jpg.rf.9a5195689159482b4c0f7edea7ae8297.jpg</filename>
	<path>CG9_jpg.rf.9a5195689159482b4c0f7edea7ae8297.jpg</path>
	<source>
		<database>roboflow.ai</database>
	</source>
	<size>
		<width>300</width>
		<height>300</height>
		<depth>3</depth>
	</size>
	<segmented>0</segmented>
	<object>
		<name>CG04HC4887</name>
		<pose>Unspecified</pose>
		<truncated>0</truncated>
		<difficult>0</difficult>
		<occluded>0</occluded>
		<bndbox>
			<xmin>95</xmin>
			<xmax>201</xmax>
			<ymin>162</ymin>
			<ymax>182</ymax>
		</bndbox>
	</object>
</annotation>
