<annotation>
	<folder></folder>
	<filename>CH10_jpg.rf.22d6e73243cd365c47971dc46fc3c7aa.jpg</filename>
	<path>CH10_jpg.rf.22d6e73243cd365c47971dc46fc3c7aa.jpg</path>
	<source>
		<database>roboflow.ai</database>
	</source>
	<size>
		<width>300</width>
		<height>300</height>
		<depth>3</depth>
	</size>
	<segmented>0</segmented>
	<object>
		<name>CH01AB4559</name>
		<pose>Unspecified</pose>
		<truncated>0</truncated>
		<difficult>0</difficult>
		<occluded>0</occluded>
		<bndbox>
			<xmin>89</xmin>
			<xmax>193</xmax>
			<ymin>180</ymin>
			<ymax>192</ymax>
		</bndbox>
	</object>
</annotation>
