<annotation>
	<folder></folder>
	<filename>CH2_jpg.rf.d1734b310875f1ddf9162aa4ca2c371a.jpg</filename>
	<path>CH2_jpg.rf.d1734b310875f1ddf9162aa4ca2c371a.jpg</path>
	<source>
		<database>roboflow.ai</database>
	</source>
	<size>
		<width>300</width>
		<height>300</height>
		<depth>3</depth>
	</size>
	<segmented>0</segmented>
	<object>
		<name>CH01BL3528</name>
		<pose>Unspecified</pose>
		<truncated>0</truncated>
		<difficult>0</difficult>
		<occluded>0</occluded>
		<bndbox>
			<xmin>120</xmin>
			<xmax>208</xmax>
			<ymin>205</ymin>
			<ymax>235</ymax>
		</bndbox>
	</object>
</annotation>
