<annotation>
	<folder></folder>
	<filename>CH3_jpg.rf.1e269a02271b7e2f830dee4d9bc6b60e.jpg</filename>
	<path>CH3_jpg.rf.1e269a02271b7e2f830dee4d9bc6b60e.jpg</path>
	<source>
		<database>roboflow.ai</database>
	</source>
	<size>
		<width>300</width>
		<height>300</height>
		<depth>3</depth>
	</size>
	<segmented>0</segmented>
	<object>
		<name>CH03K7672</name>
		<pose>Unspecified</pose>
		<truncated>0</truncated>
		<difficult>0</difficult>
		<occluded>0</occluded>
		<bndbox>
			<xmin>61</xmin>
			<xmax>159</xmax>
			<ymin>223</ymin>
			<ymax>241</ymax>
		</bndbox>
	</object>
</annotation>
