<annotation>
	<folder></folder>
	<filename>CH4_jpg.rf.61767ac5fb414d4acda506598e776656.jpg</filename>
	<path>CH4_jpg.rf.61767ac5fb414d4acda506598e776656.jpg</path>
	<source>
		<database>roboflow.ai</database>
	</source>
	<size>
		<width>300</width>
		<height>300</height>
		<depth>3</depth>
	</size>
	<segmented>0</segmented>
	<object>
		<name>CH01AX9090</name>
		<pose>Unspecified</pose>
		<truncated>0</truncated>
		<difficult>0</difficult>
		<occluded>0</occluded>
		<bndbox>
			<xmin>106</xmin>
			<xmax>212</xmax>
			<ymin>223</ymin>
			<ymax>253</ymax>
		</bndbox>
	</object>
</annotation>
