<annotation>
	<folder></folder>
	<filename>CH5_jpg.rf.fe028b627c95e7d53b887cd967413cdb.jpg</filename>
	<path>CH5_jpg.rf.fe028b627c95e7d53b887cd967413cdb.jpg</path>
	<source>
		<database>roboflow.ai</database>
	</source>
	<size>
		<width>300</width>
		<height>300</height>
		<depth>3</depth>
	</size>
	<segmented>0</segmented>
	<object>
		<name>CH01AP4538</name>
		<pose>Unspecified</pose>
		<truncated>0</truncated>
		<difficult>0</difficult>
		<occluded>0</occluded>
		<bndbox>
			<xmin>124</xmin>
			<xmax>197</xmax>
			<ymin>251</ymin>
			<ymax>272</ymax>
		</bndbox>
	</object>
</annotation>
