<annotation>
	<folder></folder>
	<filename>CH6_jpg.rf.e33ed692994bc29f46c6a5357e72cbb5.jpg</filename>
	<path>CH6_jpg.rf.e33ed692994bc29f46c6a5357e72cbb5.jpg</path>
	<source>
		<database>roboflow.ai</database>
	</source>
	<size>
		<width>300</width>
		<height>300</height>
		<depth>3</depth>
	</size>
	<segmented>0</segmented>
	<object>
		<name>CH01AZ2642</name>
		<pose>Unspecified</pose>
		<truncated>0</truncated>
		<difficult>0</difficult>
		<occluded>0</occluded>
		<bndbox>
			<xmin>119</xmin>
			<xmax>196</xmax>
			<ymin>219</ymin>
			<ymax>244</ymax>
		</bndbox>
	</object>
</annotation>
