<annotation>
	<folder></folder>
	<filename>CH7_jpg.rf.36fad8582e144f05f4031e7fa772a461.jpg</filename>
	<path>CH7_jpg.rf.36fad8582e144f05f4031e7fa772a461.jpg</path>
	<source>
		<database>roboflow.ai</database>
	</source>
	<size>
		<width>300</width>
		<height>300</height>
		<depth>3</depth>
	</size>
	<segmented>0</segmented>
	<object>
		<name>CH01AL4920</name>
		<pose>Unspecified</pose>
		<truncated>0</truncated>
		<difficult>0</difficult>
		<occluded>0</occluded>
		<bndbox>
			<xmin>106</xmin>
			<xmax>225</xmax>
			<ymin>235</ymin>
			<ymax>273</ymax>
		</bndbox>
	</object>
</annotation>
