<annotation>
	<folder></folder>
	<filename>CH8_jpg.rf.29b2b1c4655fd51400887cec136ab1be.jpg</filename>
	<path>CH8_jpg.rf.29b2b1c4655fd51400887cec136ab1be.jpg</path>
	<source>
		<database>roboflow.ai</database>
	</source>
	<size>
		<width>300</width>
		<height>300</height>
		<depth>3</depth>
	</size>
	<segmented>0</segmented>
	<object>
		<name>CH01A09331</name>
		<pose>Unspecified</pose>
		<truncated>0</truncated>
		<difficult>0</difficult>
		<occluded>0</occluded>
		<bndbox>
			<xmin>65</xmin>
			<xmax>154</xmax>
			<ymin>270</ymin>
			<ymax>295</ymax>
		</bndbox>
	</object>
</annotation>
