<annotation>
	<folder></folder>
	<filename>CH9_jpg.rf.9d4cf6afb6b1499519c2dc6a686e4530.jpg</filename>
	<path>CH9_jpg.rf.9d4cf6afb6b1499519c2dc6a686e4530.jpg</path>
	<source>
		<database>roboflow.ai</database>
	</source>
	<size>
		<width>300</width>
		<height>300</height>
		<depth>3</depth>
	</size>
	<segmented>0</segmented>
	<object>
		<name>CH01AF1382</name>
		<pose>Unspecified</pose>
		<truncated>0</truncated>
		<difficult>0</difficult>
		<occluded>0</occluded>
		<bndbox>
			<xmin>119</xmin>
			<xmax>179</xmax>
			<ymin>154</ymin>
			<ymax>173</ymax>
		</bndbox>
	</object>
</annotation>
