<annotation>
	<folder></folder>
	<filename>d1115e64-987f-4a72-b9bb-853f67ca37b6___new_2014-Volkswagen-Polo-Review-jpg_jpeg.rf.f9a80150e119f06e03438d880b25f86c.jpg</filename>
	<path>d1115e64-987f-4a72-b9bb-853f67ca37b6___new_2014-Volkswagen-Polo-Review-jpg_jpeg.rf.f9a80150e119f06e03438d880b25f86c.jpg</path>
	<source>
		<database>roboflow.ai</database>
	</source>
	<size>
		<width>300</width>
		<height>300</height>
		<depth>3</depth>
	</size>
	<segmented>0</segmented>
	<object>
		<name>MH14EH7958</name>
		<pose>Unspecified</pose>
		<truncated>0</truncated>
		<difficult>0</difficult>
		<occluded>0</occluded>
		<bndbox>
			<xmin>96</xmin>
			<xmax>198</xmax>
			<ymin>220</ymin>
			<ymax>252</ymax>
		</bndbox>
	</object>
</annotation>
