<annotation>
	<folder></folder>
	<filename>d3d2cbaa-f24a-4cb7-a236-53fa514816b4___new_2017-Skoda-Rapid-Diesel-DSG-Review-6-jpg_jpeg.rf.ac5f6f912bad61d7e7bf1afc91de1d99.jpg</filename>
	<path>d3d2cbaa-f24a-4cb7-a236-53fa514816b4___new_2017-Skoda-Rapid-Diesel-DSG-Review-6-jpg_jpeg.rf.ac5f6f912bad61d7e7bf1afc91de1d99.jpg</path>
	<source>
		<database>roboflow.ai</database>
	</source>
	<size>
		<width>300</width>
		<height>300</height>
		<depth>3</depth>
	</size>
	<segmented>0</segmented>
	<object>
		<name>MH20EE045</name>
		<pose>Unspecified</pose>
		<truncated>0</truncated>
		<difficult>0</difficult>
		<occluded>0</occluded>
		<bndbox>
			<xmin>147</xmin>
			<xmax>227</xmax>
			<ymin>102</ymin>
			<ymax>133</ymax>
		</bndbox>
	</object>
</annotation>
