<annotation>
	<folder></folder>
	<filename>d9023f53-f90d-4b98-bd52-30796777ddcf___Maruti-Suzuki-Baleno-hatchback-56545-jpg_jpeg.rf.fe9606a2e14932154963fabe785610e1.jpg</filename>
	<path>d9023f53-f90d-4b98-bd52-30796777ddcf___Maruti-Suzuki-Baleno-hatchback-56545-jpg_jpeg.rf.fe9606a2e14932154963fabe785610e1.jpg</path>
	<source>
		<database>roboflow.ai</database>
	</source>
	<size>
		<width>300</width>
		<height>300</height>
		<depth>3</depth>
	</size>
	<segmented>0</segmented>
	<object>
		<name>HR26TC5656</name>
		<pose>Unspecified</pose>
		<truncated>0</truncated>
		<difficult>0</difficult>
		<occluded>0</occluded>
		<bndbox>
			<xmin>173</xmin>
			<xmax>237</xmax>
			<ymin>176</ymin>
			<ymax>205</ymax>
		</bndbox>
	</object>
</annotation>
