<annotation>
	<folder></folder>
	<filename>dd58e02d-51a5-4bfd-87af-ff51c576086e___2014-mahindra-scorpio-suv-10-jpg_jpeg.rf.b1a976bfb8a16b2056c756c50e71ceb9.jpg</filename>
	<path>dd58e02d-51a5-4bfd-87af-ff51c576086e___2014-mahindra-scorpio-suv-10-jpg_jpeg.rf.b1a976bfb8a16b2056c756c50e71ceb9.jpg</path>
	<source>
		<database>roboflow.ai</database>
	</source>
	<size>
		<width>300</width>
		<height>300</height>
		<depth>3</depth>
	</size>
	<segmented>0</segmented>
	<object>
		<name>MH46Z8892</name>
		<pose>Unspecified</pose>
		<truncated>0</truncated>
		<difficult>0</difficult>
		<occluded>0</occluded>
		<bndbox>
			<xmin>162</xmin>
			<xmax>211</xmax>
			<ymin>172</ymin>
			<ymax>206</ymax>
		</bndbox>
	</object>
</annotation>
