<annotation>
	<folder></folder>
	<filename>df2f7a76-d701-468f-b54a-c5d63d13b349___CM-Akhilesh-Number-Plate-jpg_jpeg.rf.9232409ea7d3bdc66c4dcd459a72fbf5.jpg</filename>
	<path>df2f7a76-d701-468f-b54a-c5d63d13b349___CM-Akhilesh-Number-Plate-jpg_jpeg.rf.9232409ea7d3bdc66c4dcd459a72fbf5.jpg</path>
	<source>
		<database>roboflow.ai</database>
	</source>
	<size>
		<width>300</width>
		<height>300</height>
		<depth>3</depth>
	</size>
	<segmented>0</segmented>
	<object>
		<name>UP65CM21149</name>
		<pose>Unspecified</pose>
		<truncated>0</truncated>
		<difficult>0</difficult>
		<occluded>0</occluded>
		<bndbox>
			<xmin>91</xmin>
			<xmax>167</xmax>
			<ymin>103</ymin>
			<ymax>142</ymax>
		</bndbox>
	</object>
</annotation>
