<annotation>
	<folder></folder>
	<filename>dfafd4ef-5592-41d9-9cbb-fa6a4e03831e___IMG_9082-jpg_jpeg.rf.cb54d13172656c057b26a0c321fe7402.jpg</filename>
	<path>dfafd4ef-5592-41d9-9cbb-fa6a4e03831e___IMG_9082-jpg_jpeg.rf.cb54d13172656c057b26a0c321fe7402.jpg</path>
	<source>
		<database>roboflow.ai</database>
	</source>
	<size>
		<width>300</width>
		<height>300</height>
		<depth>3</depth>
	</size>
	<segmented>0</segmented>
	<object>
		<name>UP80CR00</name>
		<pose>Unspecified</pose>
		<truncated>0</truncated>
		<difficult>0</difficult>
		<occluded>0</occluded>
		<bndbox>
			<xmin>100</xmin>
			<xmax>300</xmax>
			<ymin>78</ymin>
			<ymax>163</ymax>
		</bndbox>
	</object>
</annotation>
