<annotation>
	<folder></folder>
	<filename>dfebb432-82cd-4154-b919-0d8be2c0d85a___5e4697c6f639f3f341b2feb170d72795af3fc998-jpg_jpeg.rf.0330cc194109d95f1a0f301604b396ed.jpg</filename>
	<path>dfebb432-82cd-4154-b919-0d8be2c0d85a___5e4697c6f639f3f341b2feb170d72795af3fc998-jpg_jpeg.rf.0330cc194109d95f1a0f301604b396ed.jpg</path>
	<source>
		<database>roboflow.ai</database>
	</source>
	<size>
		<width>300</width>
		<height>300</height>
		<depth>3</depth>
	</size>
	<segmented>0</segmented>
	<object>
		<name>KL25B2001</name>
		<pose>Unspecified</pose>
		<truncated>0</truncated>
		<difficult>0</difficult>
		<occluded>0</occluded>
		<bndbox>
			<xmin>86</xmin>
			<xmax>193</xmax>
			<ymin>156</ymin>
			<ymax>198</ymax>
		</bndbox>
	</object>
</annotation>
