<annotation>
	<folder></folder>
	<filename>dfedf2ad-6596-48d4-a7f6-171e55c8f637___1160575d1383218860-high-security-registration-plates-hsrp-india-wp_20131030_16_01_22_pro-jpg_jpeg.rf.8586ad14c02e83b1ef753c4b3f296c91.jpg</filename>
	<path>dfedf2ad-6596-48d4-a7f6-171e55c8f637___1160575d1383218860-high-security-registration-plates-hsrp-india-wp_20131030_16_01_22_pro-jpg_jpeg.rf.8586ad14c02e83b1ef753c4b3f296c91.jpg</path>
	<source>
		<database>roboflow.ai</database>
	</source>
	<size>
		<width>300</width>
		<height>300</height>
		<depth>3</depth>
	</size>
	<segmented>0</segmented>
	<object>
		<name>GJ051D9443</name>
		<pose>Unspecified</pose>
		<truncated>0</truncated>
		<difficult>0</difficult>
		<occluded>0</occluded>
		<bndbox>
			<xmin>126</xmin>
			<xmax>173</xmax>
			<ymin>124</ymin>
			<ymax>191</ymax>
		</bndbox>
	</object>
</annotation>
