<annotation>
	<folder></folder>
	<filename>DL13_jpg.rf.f4b4e1acf8bafab487aa1f89c8a6cf70.jpg</filename>
	<path>DL13_jpg.rf.f4b4e1acf8bafab487aa1f89c8a6cf70.jpg</path>
	<source>
		<database>roboflow.ai</database>
	</source>
	<size>
		<width>300</width>
		<height>300</height>
		<depth>3</depth>
	</size>
	<segmented>0</segmented>
	<object>
		<name>DL12CJ9823</name>
		<pose>Unspecified</pose>
		<truncated>0</truncated>
		<difficult>0</difficult>
		<occluded>0</occluded>
		<bndbox>
			<xmin>103</xmin>
			<xmax>193</xmax>
			<ymin>194</ymin>
			<ymax>210</ymax>
		</bndbox>
	</object>
</annotation>
