<annotation>
	<folder></folder>
	<filename>DL14_jpg.rf.685d3857715675a029b8408a554fb098.jpg</filename>
	<path>DL14_jpg.rf.685d3857715675a029b8408a554fb098.jpg</path>
	<source>
		<database>roboflow.ai</database>
	</source>
	<size>
		<width>300</width>
		<height>300</height>
		<depth>3</depth>
	</size>
	<segmented>0</segmented>
	<object>
		<name>DL9CAU4743</name>
		<pose>Unspecified</pose>
		<truncated>0</truncated>
		<difficult>0</difficult>
		<occluded>0</occluded>
		<bndbox>
			<xmin>98</xmin>
			<xmax>182</xmax>
			<ymin>180</ymin>
			<ymax>195</ymax>
		</bndbox>
	</object>
</annotation>
