<annotation>
	<folder></folder>
	<filename>DL15_jpg.rf.d5b5be44c690d14c53045d16127bf313.jpg</filename>
	<path>DL15_jpg.rf.d5b5be44c690d14c53045d16127bf313.jpg</path>
	<source>
		<database>roboflow.ai</database>
	</source>
	<size>
		<width>300</width>
		<height>300</height>
		<depth>3</depth>
	</size>
	<segmented>0</segmented>
	<object>
		<name>DL8CZ7230</name>
		<pose>Unspecified</pose>
		<truncated>0</truncated>
		<difficult>0</difficult>
		<occluded>0</occluded>
		<bndbox>
			<xmin>181</xmin>
			<xmax>249</xmax>
			<ymin>167</ymin>
			<ymax>194</ymax>
		</bndbox>
	</object>
</annotation>
