<annotation>
	<folder></folder>
	<filename>DL16_jpg.rf.51d8c811488df047b79ec0f99250e69c.jpg</filename>
	<path>DL16_jpg.rf.51d8c811488df047b79ec0f99250e69c.jpg</path>
	<source>
		<database>roboflow.ai</database>
	</source>
	<size>
		<width>300</width>
		<height>300</height>
		<depth>3</depth>
	</size>
	<segmented>0</segmented>
	<object>
		<name>DL9CAV1739</name>
		<pose>Unspecified</pose>
		<truncated>0</truncated>
		<difficult>0</difficult>
		<occluded>0</occluded>
		<bndbox>
			<xmin>100</xmin>
			<xmax>184</xmax>
			<ymin>141</ymin>
			<ymax>152</ymax>
		</bndbox>
	</object>
</annotation>
