<annotation>
	<folder></folder>
	<filename>DL18_jpg.rf.5b4e4c1548a424bbef521fe25d164932.jpg</filename>
	<path>DL18_jpg.rf.5b4e4c1548a424bbef521fe25d164932.jpg</path>
	<source>
		<database>roboflow.ai</database>
	</source>
	<size>
		<width>300</width>
		<height>300</height>
		<depth>3</depth>
	</size>
	<segmented>0</segmented>
	<object>
		<name>DL1CS8739</name>
		<pose>Unspecified</pose>
		<truncated>0</truncated>
		<difficult>0</difficult>
		<occluded>0</occluded>
		<bndbox>
			<xmin>108</xmin>
			<xmax>184</xmax>
			<ymin>180</ymin>
			<ymax>193</ymax>
		</bndbox>
	</object>
</annotation>
