<annotation>
	<folder></folder>
	<filename>DL19_jpg.rf.69ded68d0616ca1f147f59004ad86552.jpg</filename>
	<path>DL19_jpg.rf.69ded68d0616ca1f147f59004ad86552.jpg</path>
	<source>
		<database>roboflow.ai</database>
	</source>
	<size>
		<width>300</width>
		<height>300</height>
		<depth>3</depth>
	</size>
	<segmented>0</segmented>
	<object>
		<name>DL1CT2782</name>
		<pose>Unspecified</pose>
		<truncated>0</truncated>
		<difficult>0</difficult>
		<occluded>0</occluded>
		<bndbox>
			<xmin>113</xmin>
			<xmax>200</xmax>
			<ymin>238</ymin>
			<ymax>260</ymax>
		</bndbox>
	</object>
</annotation>
