<annotation>
	<folder></folder>
	<filename>DL20_jpg.rf.5886ed77eb6b77ba4bb29bf3d52efc1e.jpg</filename>
	<path>DL20_jpg.rf.5886ed77eb6b77ba4bb29bf3d52efc1e.jpg</path>
	<source>
		<database>roboflow.ai</database>
	</source>
	<size>
		<width>300</width>
		<height>300</height>
		<depth>3</depth>
	</size>
	<segmented>0</segmented>
	<object>
		<name>DL12CL2555</name>
		<pose>Unspecified</pose>
		<truncated>0</truncated>
		<difficult>0</difficult>
		<occluded>0</occluded>
		<bndbox>
			<xmin>118</xmin>
			<xmax>193</xmax>
			<ymin>169</ymin>
			<ymax>191</ymax>
		</bndbox>
	</object>
</annotation>
