<annotation>
	<folder></folder>
	<filename>DL22_jpg.rf.904be9bb929d1659ca8733352dea530e.jpg</filename>
	<path>DL22_jpg.rf.904be9bb929d1659ca8733352dea530e.jpg</path>
	<source>
		<database>roboflow.ai</database>
	</source>
	<size>
		<width>300</width>
		<height>300</height>
		<depth>3</depth>
	</size>
	<segmented>0</segmented>
	<object>
		<name>DL6CL0457</name>
		<pose>Unspecified</pose>
		<truncated>0</truncated>
		<difficult>0</difficult>
		<occluded>0</occluded>
		<bndbox>
			<xmin>115</xmin>
			<xmax>185</xmax>
			<ymin>190</ymin>
			<ymax>203</ymax>
		</bndbox>
	</object>
</annotation>
