<annotation>
	<folder></folder>
	<filename>DL23_jpg.rf.ed9065593d9b00087e1ccbb430571ef1.jpg</filename>
	<path>DL23_jpg.rf.ed9065593d9b00087e1ccbb430571ef1.jpg</path>
	<source>
		<database>roboflow.ai</database>
	</source>
	<size>
		<width>300</width>
		<height>300</height>
		<depth>3</depth>
	</size>
	<segmented>0</segmented>
	<object>
		<name>DL2CAX2886</name>
		<pose>Unspecified</pose>
		<truncated>0</truncated>
		<difficult>0</difficult>
		<occluded>0</occluded>
		<bndbox>
			<xmin>83</xmin>
			<xmax>205</xmax>
			<ymin>211</ymin>
			<ymax>237</ymax>
		</bndbox>
	</object>
</annotation>
