<annotation>
	<folder></folder>
	<filename>DL25_jpg.rf.fe845543f53ea03e741a8838134990e0.jpg</filename>
	<path>DL25_jpg.rf.fe845543f53ea03e741a8838134990e0.jpg</path>
	<source>
		<database>roboflow.ai</database>
	</source>
	<size>
		<width>300</width>
		<height>300</height>
		<depth>3</depth>
	</size>
	<segmented>0</segmented>
	<object>
		<name>DL9C0S1537</name>
		<pose>Unspecified</pose>
		<truncated>0</truncated>
		<difficult>0</difficult>
		<occluded>0</occluded>
		<bndbox>
			<xmin>136</xmin>
			<xmax>202</xmax>
			<ymin>217</ymin>
			<ymax>248</ymax>
		</bndbox>
	</object>
</annotation>
