<annotation>
	<folder></folder>
	<filename>DL27_jpg.rf.c715d6bb06b632edc805bded6e749086.jpg</filename>
	<path>DL27_jpg.rf.c715d6bb06b632edc805bded6e749086.jpg</path>
	<source>
		<database>roboflow.ai</database>
	</source>
	<size>
		<width>300</width>
		<height>300</height>
		<depth>3</depth>
	</size>
	<segmented>0</segmented>
	<object>
		<name>DL10CA0986</name>
		<pose>Unspecified</pose>
		<truncated>0</truncated>
		<difficult>0</difficult>
		<occluded>0</occluded>
		<bndbox>
			<xmin>103</xmin>
			<xmax>212</xmax>
			<ymin>190</ymin>
			<ymax>205</ymax>
		</bndbox>
	</object>
</annotation>
