<annotation>
	<folder></folder>
	<filename>DL29_jpg.rf.c4fc50d38ce963a1e3783fc12bf66ac5.jpg</filename>
	<path>DL29_jpg.rf.c4fc50d38ce963a1e3783fc12bf66ac5.jpg</path>
	<source>
		<database>roboflow.ai</database>
	</source>
	<size>
		<width>300</width>
		<height>300</height>
		<depth>3</depth>
	</size>
	<segmented>0</segmented>
	<object>
		<name>DL8CAL4134</name>
		<pose>Unspecified</pose>
		<truncated>0</truncated>
		<difficult>0</difficult>
		<occluded>0</occluded>
		<bndbox>
			<xmin>114</xmin>
			<xmax>195</xmax>
			<ymin>228</ymin>
			<ymax>248</ymax>
		</bndbox>
	</object>
</annotation>
