<annotation>
	<folder></folder>
	<filename>DL30_jpg.rf.6d90b75bb9751b44f1e6494ff7bc612d.jpg</filename>
	<path>DL30_jpg.rf.6d90b75bb9751b44f1e6494ff7bc612d.jpg</path>
	<source>
		<database>roboflow.ai</database>
	</source>
	<size>
		<width>300</width>
		<height>300</height>
		<depth>3</depth>
	</size>
	<segmented>0</segmented>
	<object>
		<name>DL10C05520</name>
		<pose>Unspecified</pose>
		<truncated>0</truncated>
		<difficult>0</difficult>
		<occluded>0</occluded>
		<bndbox>
			<xmin>188</xmin>
			<xmax>246</xmax>
			<ymin>179</ymin>
			<ymax>198</ymax>
		</bndbox>
	</object>
</annotation>
