<annotation>
	<folder></folder>
	<filename>DL33_jpg.rf.4152ce2b566cffe9562652e265179e86.jpg</filename>
	<path>DL33_jpg.rf.4152ce2b566cffe9562652e265179e86.jpg</path>
	<source>
		<database>roboflow.ai</database>
	</source>
	<size>
		<width>300</width>
		<height>300</height>
		<depth>3</depth>
	</size>
	<segmented>0</segmented>
	<object>
		<name>DL4CNA7231</name>
		<pose>Unspecified</pose>
		<truncated>0</truncated>
		<difficult>0</difficult>
		<occluded>0</occluded>
		<bndbox>
			<xmin>104</xmin>
			<xmax>185</xmax>
			<ymin>224</ymin>
			<ymax>240</ymax>
		</bndbox>
	</object>
</annotation>
