<annotation>
	<folder></folder>
	<filename>DL34_jpg.rf.ac2b3ebc4056c8c95cc47d230bd9b371.jpg</filename>
	<path>DL34_jpg.rf.ac2b3ebc4056c8c95cc47d230bd9b371.jpg</path>
	<source>
		<database>roboflow.ai</database>
	</source>
	<size>
		<width>300</width>
		<height>300</height>
		<depth>3</depth>
	</size>
	<segmented>0</segmented>
	<object>
		<name>DL8CNA5085</name>
		<pose>Unspecified</pose>
		<truncated>0</truncated>
		<difficult>0</difficult>
		<occluded>0</occluded>
		<bndbox>
			<xmin>175</xmin>
			<xmax>235</xmax>
			<ymin>229</ymin>
			<ymax>276</ymax>
		</bndbox>
	</object>
</annotation>
