<annotation>
	<folder></folder>
	<filename>DL35_jpg.rf.987f84f780b7461657944e8a074bed02.jpg</filename>
	<path>DL35_jpg.rf.987f84f780b7461657944e8a074bed02.jpg</path>
	<source>
		<database>roboflow.ai</database>
	</source>
	<size>
		<width>300</width>
		<height>300</height>
		<depth>3</depth>
	</size>
	<segmented>0</segmented>
	<object>
		<name>DL3CBS5881</name>
		<pose>Unspecified</pose>
		<truncated>0</truncated>
		<difficult>0</difficult>
		<occluded>0</occluded>
		<bndbox>
			<xmin>86</xmin>
			<xmax>171</xmax>
			<ymin>191</ymin>
			<ymax>202</ymax>
		</bndbox>
	</object>
</annotation>
