<annotation>
	<folder></folder>
	<filename>DL38_jpg.rf.2bdba5491d4bda0a0fe81a768414c123.jpg</filename>
	<path>DL38_jpg.rf.2bdba5491d4bda0a0fe81a768414c123.jpg</path>
	<source>
		<database>roboflow.ai</database>
	</source>
	<size>
		<width>300</width>
		<height>300</height>
		<depth>3</depth>
	</size>
	<segmented>0</segmented>
	<object>
		<name>DL4CAQ3231</name>
		<pose>Unspecified</pose>
		<truncated>0</truncated>
		<difficult>0</difficult>
		<occluded>0</occluded>
		<bndbox>
			<xmin>111</xmin>
			<xmax>183</xmax>
			<ymin>213</ymin>
			<ymax>235</ymax>
		</bndbox>
	</object>
</annotation>
