<annotation>
	<folder></folder>
	<filename>DL3_jpg.rf.8a4dedb1576225d593dcc5616a1a8c99.jpg</filename>
	<path>DL3_jpg.rf.8a4dedb1576225d593dcc5616a1a8c99.jpg</path>
	<source>
		<database>roboflow.ai</database>
	</source>
	<size>
		<width>300</width>
		<height>300</height>
		<depth>3</depth>
	</size>
	<segmented>0</segmented>
	<object>
		<name>DL8CAU6883</name>
		<pose>Unspecified</pose>
		<truncated>0</truncated>
		<difficult>0</difficult>
		<occluded>0</occluded>
		<bndbox>
			<xmin>130</xmin>
			<xmax>210</xmax>
			<ymin>180</ymin>
			<ymax>191</ymax>
		</bndbox>
	</object>
</annotation>
