<annotation>
	<folder></folder>
	<filename>DL4_jpg.rf.d4f2dee2dd86427853ede491ad22a071.jpg</filename>
	<path>DL4_jpg.rf.d4f2dee2dd86427853ede491ad22a071.jpg</path>
	<source>
		<database>roboflow.ai</database>
	</source>
	<size>
		<width>300</width>
		<height>300</height>
		<depth>3</depth>
	</size>
	<segmented>0</segmented>
	<object>
		<name>DL9CAU5573</name>
		<pose>Unspecified</pose>
		<truncated>0</truncated>
		<difficult>0</difficult>
		<occluded>0</occluded>
		<bndbox>
			<xmin>100</xmin>
			<xmax>190</xmax>
			<ymin>204</ymin>
			<ymax>220</ymax>
		</bndbox>
	</object>
</annotation>
