<annotation>
	<folder></folder>
	<filename>DL5_jpg.rf.f50ee97f09f6a693787239ac4417a229.jpg</filename>
	<path>DL5_jpg.rf.f50ee97f09f6a693787239ac4417a229.jpg</path>
	<source>
		<database>roboflow.ai</database>
	</source>
	<size>
		<width>300</width>
		<height>300</height>
		<depth>3</depth>
	</size>
	<segmented>0</segmented>
	<object>
		<name>DL12CN8660</name>
		<pose>Unspecified</pose>
		<truncated>0</truncated>
		<difficult>0</difficult>
		<occluded>0</occluded>
		<bndbox>
			<xmin>88</xmin>
			<xmax>201</xmax>
			<ymin>230</ymin>
			<ymax>248</ymax>
		</bndbox>
	</object>
</annotation>
