<annotation>
	<folder></folder>
	<filename>DL6_jpg.rf.ea15c9c61dea6abbaf229f0a2406fc7a.jpg</filename>
	<path>DL6_jpg.rf.ea15c9c61dea6abbaf229f0a2406fc7a.jpg</path>
	<source>
		<database>roboflow.ai</database>
	</source>
	<size>
		<width>300</width>
		<height>300</height>
		<depth>3</depth>
	</size>
	<segmented>0</segmented>
	<object>
		<name>DL4CAM9066</name>
		<pose>Unspecified</pose>
		<truncated>0</truncated>
		<difficult>0</difficult>
		<occluded>0</occluded>
		<bndbox>
			<xmin>99</xmin>
			<xmax>196</xmax>
			<ymin>150</ymin>
			<ymax>165</ymax>
		</bndbox>
	</object>
</annotation>
