<annotation>
	<folder></folder>
	<filename>DL8_jpg.rf.c4a92fb3f9322bc57515a1bac6d11059.jpg</filename>
	<path>DL8_jpg.rf.c4a92fb3f9322bc57515a1bac6d11059.jpg</path>
	<source>
		<database>roboflow.ai</database>
	</source>
	<size>
		<width>300</width>
		<height>300</height>
		<depth>3</depth>
	</size>
	<segmented>0</segmented>
	<object>
		<name>DL10CH1252</name>
		<pose>Unspecified</pose>
		<truncated>0</truncated>
		<difficult>0</difficult>
		<occluded>0</occluded>
		<bndbox>
			<xmin>130</xmin>
			<xmax>194</xmax>
			<ymin>216</ymin>
			<ymax>236</ymax>
		</bndbox>
	</object>
</annotation>
