<annotation>
	<folder></folder>
	<filename>DL9_jpg.rf.86b5adaba5e0fd58051b5c7d8f922990.jpg</filename>
	<path>DL9_jpg.rf.86b5adaba5e0fd58051b5c7d8f922990.jpg</path>
	<source>
		<database>roboflow.ai</database>
	</source>
	<size>
		<width>300</width>
		<height>300</height>
		<depth>3</depth>
	</size>
	<segmented>0</segmented>
	<object>
		<name>DL2CH8634</name>
		<pose>Unspecified</pose>
		<truncated>0</truncated>
		<difficult>0</difficult>
		<occluded>0</occluded>
		<bndbox>
			<xmin>104</xmin>
			<xmax>162</xmax>
			<ymin>214</ymin>
			<ymax>241</ymax>
		</bndbox>
	</object>
</annotation>
