<annotation>
	<folder></folder>
	<filename>DN1_jpg.rf.09c65ec19e082d7e122b36ae07ce0da6.jpg</filename>
	<path>DN1_jpg.rf.09c65ec19e082d7e122b36ae07ce0da6.jpg</path>
	<source>
		<database>roboflow.ai</database>
	</source>
	<size>
		<width>300</width>
		<height>300</height>
		<depth>3</depth>
	</size>
	<segmented>0</segmented>
	<object>
		<name>DN09H2191</name>
		<pose>Unspecified</pose>
		<truncated>0</truncated>
		<difficult>0</difficult>
		<occluded>0</occluded>
		<bndbox>
			<xmin>105</xmin>
			<xmax>192</xmax>
			<ymin>172</ymin>
			<ymax>186</ymax>
		</bndbox>
	</object>
</annotation>
