<annotation>
	<folder></folder>
	<filename>DN2_jpg.rf.7882749e2eb873e0e6698afbaca3a40b.jpg</filename>
	<path>DN2_jpg.rf.7882749e2eb873e0e6698afbaca3a40b.jpg</path>
	<source>
		<database>roboflow.ai</database>
	</source>
	<size>
		<width>300</width>
		<height>300</height>
		<depth>3</depth>
	</size>
	<segmented>0</segmented>
	<object>
		<name>DN09J1548</name>
		<pose>Unspecified</pose>
		<truncated>0</truncated>
		<difficult>0</difficult>
		<occluded>0</occluded>
		<bndbox>
			<xmin>113</xmin>
			<xmax>163</xmax>
			<ymin>235</ymin>
			<ymax>255</ymax>
		</bndbox>
	</object>
</annotation>
