<annotation>
	<folder></folder>
	<filename>DN3_jpg.rf.8f4babf03d50a58e604e891cf67a29e9.jpg</filename>
	<path>DN3_jpg.rf.8f4babf03d50a58e604e891cf67a29e9.jpg</path>
	<source>
		<database>roboflow.ai</database>
	</source>
	<size>
		<width>300</width>
		<height>300</height>
		<depth>3</depth>
	</size>
	<segmented>0</segmented>
	<object>
		<name>DN09H0968</name>
		<pose>Unspecified</pose>
		<truncated>0</truncated>
		<difficult>0</difficult>
		<occluded>0</occluded>
		<bndbox>
			<xmin>79</xmin>
			<xmax>209</xmax>
			<ymin>204</ymin>
			<ymax>227</ymax>
		</bndbox>
	</object>
</annotation>
