<annotation>
	<folder></folder>
	<filename>DN4_jpg.rf.b9b59c4a7bf70be2a263d3f1c2f25ba0.jpg</filename>
	<path>DN4_jpg.rf.b9b59c4a7bf70be2a263d3f1c2f25ba0.jpg</path>
	<source>
		<database>roboflow.ai</database>
	</source>
	<size>
		<width>300</width>
		<height>300</height>
		<depth>3</depth>
	</size>
	<segmented>0</segmented>
	<object>
		<name>DN09J0032</name>
		<pose>Unspecified</pose>
		<truncated>0</truncated>
		<difficult>0</difficult>
		<occluded>0</occluded>
		<bndbox>
			<xmin>101</xmin>
			<xmax>202</xmax>
			<ymin>123</ymin>
			<ymax>136</ymax>
		</bndbox>
	</object>
</annotation>
