<annotation>
	<folder></folder>
	<filename>DN5_jpg.rf.432be824ab401a096b73c16f42b371b9.jpg</filename>
	<path>DN5_jpg.rf.432be824ab401a096b73c16f42b371b9.jpg</path>
	<source>
		<database>roboflow.ai</database>
	</source>
	<size>
		<width>300</width>
		<height>300</height>
		<depth>3</depth>
	</size>
	<segmented>0</segmented>
	<object>
		<name>DN09D2724</name>
		<pose>Unspecified</pose>
		<truncated>0</truncated>
		<difficult>0</difficult>
		<occluded>0</occluded>
		<bndbox>
			<xmin>85</xmin>
			<xmax>196</xmax>
			<ymin>154</ymin>
			<ymax>164</ymax>
		</bndbox>
	</object>
</annotation>
