<annotation>
	<folder></folder>
	<filename>DN8_jpg.rf.3b0deb7fe0b367dd1b93ae232601ebef.jpg</filename>
	<path>DN8_jpg.rf.3b0deb7fe0b367dd1b93ae232601ebef.jpg</path>
	<source>
		<database>roboflow.ai</database>
	</source>
	<size>
		<width>300</width>
		<height>300</height>
		<depth>3</depth>
	</size>
	<segmented>0</segmented>
	<object>
		<name>DN09C0868</name>
		<pose>Unspecified</pose>
		<truncated>0</truncated>
		<difficult>0</difficult>
		<occluded>0</occluded>
		<bndbox>
			<xmin>61</xmin>
			<xmax>147</xmax>
			<ymin>166</ymin>
			<ymax>181</ymax>
		</bndbox>
	</object>
</annotation>
