<annotation>
	<folder></folder>
	<filename>e1d7921f-5e58-46c7-b4f9-9fd4585508f1___IMG_9072-jpg_jpeg.rf.95904287b11647cc1d1e5e8a0aefc8e0.jpg</filename>
	<path>e1d7921f-5e58-46c7-b4f9-9fd4585508f1___IMG_9072-jpg_jpeg.rf.95904287b11647cc1d1e5e8a0aefc8e0.jpg</path>
	<source>
		<database>roboflow.ai</database>
	</source>
	<size>
		<width>300</width>
		<height>300</height>
		<depth>3</depth>
	</size>
	<segmented>0</segmented>
	<object>
		<name>GJ1KF1111</name>
		<pose>Unspecified</pose>
		<truncated>0</truncated>
		<difficult>0</difficult>
		<occluded>0</occluded>
		<bndbox>
			<xmin>209</xmin>
			<xmax>301</xmax>
			<ymin>142</ymin>
			<ymax>188</ymax>
		</bndbox>
	</object>
</annotation>
