<annotation>
	<folder></folder>
	<filename>e53076d3-c3b7-47b8-8c63-30a08b8ad983___40213__Maruti_Suzuki_Swift-016-JPG_jpeg.rf.7343bee2e0c2ed312e0f91078d66be3e.jpg</filename>
	<path>e53076d3-c3b7-47b8-8c63-30a08b8ad983___40213__Maruti_Suzuki_Swift-016-JPG_jpeg.rf.7343bee2e0c2ed312e0f91078d66be3e.jpg</path>
	<source>
		<database>roboflow.ai</database>
	</source>
	<size>
		<width>300</width>
		<height>300</height>
		<depth>3</depth>
	</size>
	<segmented>0</segmented>
	<object>
		<name>HR26DK6475</name>
		<pose>Unspecified</pose>
		<truncated>0</truncated>
		<difficult>0</difficult>
		<occluded>0</occluded>
		<bndbox>
			<xmin>96</xmin>
			<xmax>199</xmax>
			<ymin>224</ymin>
			<ymax>258</ymax>
		</bndbox>
	</object>
</annotation>
