<annotation>
	<folder></folder>
	<filename>e663fa35-ce3c-401d-8451-30edd236b3e4___maxresdefault2-jpg_jpeg.rf.3fff865299667be6d7c6ae4b0c7194a9.jpg</filename>
	<path>e663fa35-ce3c-401d-8451-30edd236b3e4___maxresdefault2-jpg_jpeg.rf.3fff865299667be6d7c6ae4b0c7194a9.jpg</path>
	<source>
		<database>roboflow.ai</database>
	</source>
	<size>
		<width>300</width>
		<height>300</height>
		<depth>3</depth>
	</size>
	<segmented>0</segmented>
	<object>
		<name>KL49H5270</name>
		<pose>Unspecified</pose>
		<truncated>0</truncated>
		<difficult>0</difficult>
		<occluded>0</occluded>
		<bndbox>
			<xmin>89</xmin>
			<xmax>178</xmax>
			<ymin>111</ymin>
			<ymax>185</ymax>
		</bndbox>
	</object>
</annotation>
