<annotation>
	<folder></folder>
	<filename>e706cec0-783a-42bc-b934-64788481cd92___4-Innova-After-2-jpg_jpeg.rf.f7b60ffaf775e08a0e075bda4aa7355b.jpg</filename>
	<path>e706cec0-783a-42bc-b934-64788481cd92___4-Innova-After-2-jpg_jpeg.rf.f7b60ffaf775e08a0e075bda4aa7355b.jpg</path>
	<source>
		<database>roboflow.ai</database>
	</source>
	<size>
		<width>300</width>
		<height>300</height>
		<depth>3</depth>
	</size>
	<segmented>0</segmented>
	<object>
		<name>MH04DW8351</name>
		<pose>Unspecified</pose>
		<truncated>0</truncated>
		<difficult>0</difficult>
		<occluded>0</occluded>
		<bndbox>
			<xmin>106</xmin>
			<xmax>195</xmax>
			<ymin>143</ymin>
			<ymax>171</ymax>
		</bndbox>
	</object>
</annotation>
