<annotation>
	<folder></folder>
	<filename>e750b959-1b5a-41bf-bf64-d8099089e909___3e7fd381-0ae5-4421-8a70-279ee0ec1c61_Nissan-Terrano-Duster-launch-dare-pics-price-interiors-images-1_jpg.rf.b0da7f5cf876c06daa2d37233bc60f43.jpg</filename>
	<path>e750b959-1b5a-41bf-bf64-d8099089e909___3e7fd381-0ae5-4421-8a70-279ee0ec1c61_Nissan-Terrano-Duster-launch-dare-pics-price-interiors-images-1_jpg.rf.b0da7f5cf876c06daa2d37233bc60f43.jpg</path>
	<source>
		<database>roboflow.ai</database>
	</source>
	<size>
		<width>300</width>
		<height>300</height>
		<depth>3</depth>
	</size>
	<segmented>0</segmented>
	<object>
		<name>TN19TC91</name>
		<pose>Unspecified</pose>
		<truncated>0</truncated>
		<difficult>0</difficult>
		<occluded>0</occluded>
		<bndbox>
			<xmin>89</xmin>
			<xmax>166</xmax>
			<ymin>138</ymin>
			<ymax>169</ymax>
		</bndbox>
	</object>
</annotation>
