<annotation>
	<folder></folder>
	<filename>e77e5db3-2bc6-4223-a258-2334256be65e___new_205356-maruti-swift-torque-blue-vdi-ddis-glistening-rockstar-enters-home-img_7531-jpg_jpeg.rf.c410fe39715201f7a7b68b6edd7989c5.jpg</filename>
	<path>e77e5db3-2bc6-4223-a258-2334256be65e___new_205356-maruti-swift-torque-blue-vdi-ddis-glistening-rockstar-enters-home-img_7531-jpg_jpeg.rf.c410fe39715201f7a7b68b6edd7989c5.jpg</path>
	<source>
		<database>roboflow.ai</database>
	</source>
	<size>
		<width>300</width>
		<height>300</height>
		<depth>3</depth>
	</size>
	<segmented>0</segmented>
	<object>
		<name>TN38BW1139</name>
		<pose>Unspecified</pose>
		<truncated>0</truncated>
		<difficult>0</difficult>
		<occluded>0</occluded>
		<bndbox>
			<xmin>77</xmin>
			<xmax>251</xmax>
			<ymin>137</ymin>
			<ymax>206</ymax>
		</bndbox>
	</object>
</annotation>
