<annotation>
	<folder></folder>
	<filename>ed6ee171-691a-4563-a79d-4f47d8ce9f85___Maruti-Suzuki-SCross-Exterior-80675-jpg_jpeg.rf.caecc061efb6903d687f28c3014bf568.jpg</filename>
	<path>ed6ee171-691a-4563-a79d-4f47d8ce9f85___Maruti-Suzuki-SCross-Exterior-80675-jpg_jpeg.rf.caecc061efb6903d687f28c3014bf568.jpg</path>
	<source>
		<database>roboflow.ai</database>
	</source>
	<size>
		<width>300</width>
		<height>300</height>
		<depth>3</depth>
	</size>
	<segmented>0</segmented>
	<object>
		<name>HPSX4000</name>
		<pose>Unspecified</pose>
		<truncated>0</truncated>
		<difficult>0</difficult>
		<occluded>0</occluded>
		<bndbox>
			<xmin>63</xmin>
			<xmax>201</xmax>
			<ymin>240</ymin>
			<ymax>295</ymax>
		</bndbox>
	</object>
</annotation>
