<annotation>
	<folder></folder>
	<filename>ed9cd3b2-76a2-4cc8-9e4e-76d50ad1ff68___maruti-suzuki-wagon-r-hood-open-view-jpg_jpeg.rf.2b20d178676a934f155e5ec4d4be6226.jpg</filename>
	<path>ed9cd3b2-76a2-4cc8-9e4e-76d50ad1ff68___maruti-suzuki-wagon-r-hood-open-view-jpg_jpeg.rf.2b20d178676a934f155e5ec4d4be6226.jpg</path>
	<source>
		<database>roboflow.ai</database>
	</source>
	<size>
		<width>300</width>
		<height>300</height>
		<depth>3</depth>
	</size>
	<segmented>0</segmented>
	<object>
		<name>KA51MJ2143</name>
		<pose>Unspecified</pose>
		<truncated>0</truncated>
		<difficult>0</difficult>
		<occluded>0</occluded>
		<bndbox>
			<xmin>105</xmin>
			<xmax>194</xmax>
			<ymin>171</ymin>
			<ymax>187</ymax>
		</bndbox>
	</object>
</annotation>
