<annotation>
	<folder></folder>
	<filename>f20708c6-14cd-46ff-b8f1-6faef5fd8d2d___3e7fd381-0ae5-4421-8a70-279ee0ec1c61_Nissan-Terrano-20346_jpg.rf.1b03ad11883b4842769bb20c9f6536a4.jpg</filename>
	<path>f20708c6-14cd-46ff-b8f1-6faef5fd8d2d___3e7fd381-0ae5-4421-8a70-279ee0ec1c61_Nissan-Terrano-20346_jpg.rf.1b03ad11883b4842769bb20c9f6536a4.jpg</path>
	<source>
		<database>roboflow.ai</database>
	</source>
	<size>
		<width>300</width>
		<height>300</height>
		<depth>3</depth>
	</size>
	<segmented>0</segmented>
	<object>
		<name>RJ27TC0530</name>
		<pose>Unspecified</pose>
		<truncated>0</truncated>
		<difficult>0</difficult>
		<occluded>0</occluded>
		<bndbox>
			<xmin>77</xmin>
			<xmax>207</xmax>
			<ymin>173</ymin>
			<ymax>222</ymax>
		</bndbox>
	</object>
</annotation>
