<annotation>
	<folder></folder>
	<filename>f59d42f8-dc55-4b60-bb91-c2db3644f2ff___841309873_1_1080x720_mahindra-scorpio-vlx-airbags-bs-iii-2012-diesel-jpg_jpeg.rf.570529ffe547135d816ed0495c921817.jpg</filename>
	<path>f59d42f8-dc55-4b60-bb91-c2db3644f2ff___841309873_1_1080x720_mahindra-scorpio-vlx-airbags-bs-iii-2012-diesel-jpg_jpeg.rf.570529ffe547135d816ed0495c921817.jpg</path>
	<source>
		<database>roboflow.ai</database>
	</source>
	<size>
		<width>300</width>
		<height>300</height>
		<depth>3</depth>
	</size>
	<segmented>0</segmented>
	<object>
		<name>TN58AM1</name>
		<pose>Unspecified</pose>
		<truncated>0</truncated>
		<difficult>0</difficult>
		<occluded>0</occluded>
		<bndbox>
			<xmin>122</xmin>
			<xmax>186</xmax>
			<ymin>165</ymin>
			<ymax>185</ymax>
		</bndbox>
	</object>
</annotation>
