<annotation>
	<folder></folder>
	<filename>f5bbb8da-dddd-47ae-a46c-15492f9cf752___3e7fd381-0ae5-4421-8a70-279ee0ec1c61_10187746544_0c0822790e-Copy_jpg.rf.f9c2f9d5f72f3451d6c3a66451bd8d2f.jpg</filename>
	<path>f5bbb8da-dddd-47ae-a46c-15492f9cf752___3e7fd381-0ae5-4421-8a70-279ee0ec1c61_10187746544_0c0822790e-Copy_jpg.rf.f9c2f9d5f72f3451d6c3a66451bd8d2f.jpg</path>
	<source>
		<database>roboflow.ai</database>
	</source>
	<size>
		<width>300</width>
		<height>300</height>
		<depth>3</depth>
	</size>
	<segmented>0</segmented>
	<object>
		<name>TN21AU7234</name>
		<pose>Unspecified</pose>
		<truncated>0</truncated>
		<difficult>0</difficult>
		<occluded>0</occluded>
		<bndbox>
			<xmin>133</xmin>
			<xmax>198</xmax>
			<ymin>167</ymin>
			<ymax>178</ymax>
		</bndbox>
	</object>
</annotation>
