<annotation>
	<folder></folder>
	<filename>f5bbb8da-dddd-47ae-a46c-15492f9cf752___3e7fd381-0ae5-4421-8a70-279ee0ec1c61_10187746544_0c0822790e_jpg.rf.c7adf2bb4e9b4c4fc3acef4c8f99d0dc.jpg</filename>
	<path>f5bbb8da-dddd-47ae-a46c-15492f9cf752___3e7fd381-0ae5-4421-8a70-279ee0ec1c61_10187746544_0c0822790e_jpg.rf.c7adf2bb4e9b4c4fc3acef4c8f99d0dc.jpg</path>
	<source>
		<database>roboflow.ai</database>
	</source>
	<size>
		<width>300</width>
		<height>300</height>
		<depth>3</depth>
	</size>
	<segmented>0</segmented>
	<object>
		<name>blur</name>
		<pose>Unspecified</pose>
		<truncated>0</truncated>
		<difficult>0</difficult>
		<occluded>0</occluded>
		<bndbox>
			<xmin>127</xmin>
			<xmax>152</xmax>
			<ymin>186</ymin>
			<ymax>199</ymax>
		</bndbox>
	</object>
</annotation>
