<annotation>
	<folder></folder>
	<filename>f8a992cc-a1cc-4d68-88c1-bec1a46fc148___Honda-City-Number-Plates-Design-jpg_jpeg.rf.5f5654b464dd56fe7c1b304862080efb.jpg</filename>
	<path>f8a992cc-a1cc-4d68-88c1-bec1a46fc148___Honda-City-Number-Plates-Design-jpg_jpeg.rf.5f5654b464dd56fe7c1b304862080efb.jpg</path>
	<source>
		<database>roboflow.ai</database>
	</source>
	<size>
		<width>300</width>
		<height>300</height>
		<depth>3</depth>
	</size>
	<segmented>0</segmented>
	<object>
		<name>TN02BL9</name>
		<pose>Unspecified</pose>
		<truncated>0</truncated>
		<difficult>0</difficult>
		<occluded>0</occluded>
		<bndbox>
			<xmin>98</xmin>
			<xmax>208</xmax>
			<ymin>208</ymin>
			<ymax>239</ymax>
		</bndbox>
	</object>
</annotation>
