<annotation>
	<folder></folder>
	<filename>fac9f4e6-c4b9-4872-86da-79d58ea2adc5___5273-jpg-Copy_jpeg.rf.a2d724da6276ae0a4aa2cf01f0b0269d.jpg</filename>
	<path>fac9f4e6-c4b9-4872-86da-79d58ea2adc5___5273-jpg-Copy_jpeg.rf.a2d724da6276ae0a4aa2cf01f0b0269d.jpg</path>
	<source>
		<database>roboflow.ai</database>
	</source>
	<size>
		<width>300</width>
		<height>300</height>
		<depth>3</depth>
	</size>
	<segmented>0</segmented>
	<object>
		<name>UP16AB3726</name>
		<pose>Unspecified</pose>
		<truncated>0</truncated>
		<difficult>0</difficult>
		<occluded>0</occluded>
		<bndbox>
			<xmin>98</xmin>
			<xmax>180</xmax>
			<ymin>195</ymin>
			<ymax>210</ymax>
		</bndbox>
	</object>
</annotation>
