<annotation>
	<folder></folder>
	<filename>fac9f4e6-c4b9-4872-86da-79d58ea2adc5___5273-jpg_jpeg.rf.66a6e7f723b79204b4857e6c5e24c2cb.jpg</filename>
	<path>fac9f4e6-c4b9-4872-86da-79d58ea2adc5___5273-jpg_jpeg.rf.66a6e7f723b79204b4857e6c5e24c2cb.jpg</path>
	<source>
		<database>roboflow.ai</database>
	</source>
	<size>
		<width>300</width>
		<height>300</height>
		<depth>3</depth>
	</size>
	<segmented>0</segmented>
	<object>
		<name>MH02B16890</name>
		<pose>Unspecified</pose>
		<truncated>0</truncated>
		<difficult>0</difficult>
		<occluded>0</occluded>
		<bndbox>
			<xmin>134</xmin>
			<xmax>207</xmax>
			<ymin>137</ymin>
			<ymax>156</ymax>
		</bndbox>
	</object>
</annotation>
