<annotation>
	<folder></folder>
	<filename>fbb2b3ed-4db1-4d4c-8d4d-4b80b02bfd2a___3e7fd381-0ae5-4421-8a70-279ee0ec1c61_01640f5edbbfb564a9ab6486b31d1554_large_jpg.rf.8126f34bae098e768e46c28b7abdf623.jpg</filename>
	<path>fbb2b3ed-4db1-4d4c-8d4d-4b80b02bfd2a___3e7fd381-0ae5-4421-8a70-279ee0ec1c61_01640f5edbbfb564a9ab6486b31d1554_large_jpg.rf.8126f34bae098e768e46c28b7abdf623.jpg</path>
	<source>
		<database>roboflow.ai</database>
	</source>
	<size>
		<width>300</width>
		<height>300</height>
		<depth>3</depth>
	</size>
	<segmented>0</segmented>
	<object>
		<name>RJ09C84382</name>
		<pose>Unspecified</pose>
		<truncated>0</truncated>
		<difficult>0</difficult>
		<occluded>0</occluded>
		<bndbox>
			<xmin>136</xmin>
			<xmax>205</xmax>
			<ymin>83</ymin>
			<ymax>93</ymax>
		</bndbox>
	</object>
</annotation>
