<annotation>
	<folder></folder>
	<filename>fd0140cc-e887-43b8-a439-24877ea77670___Maruti-Suzuki-Baleno-Number-Plates-Design-jpg_jpeg.rf.66ad395e89373d0e1d1732ce51f5b3c7.jpg</filename>
	<path>fd0140cc-e887-43b8-a439-24877ea77670___Maruti-Suzuki-Baleno-Number-Plates-Design-jpg_jpeg.rf.66ad395e89373d0e1d1732ce51f5b3c7.jpg</path>
	<source>
		<database>roboflow.ai</database>
	</source>
	<size>
		<width>300</width>
		<height>300</height>
		<depth>3</depth>
	</size>
	<segmented>0</segmented>
	<object>
		<name>KL10AV6633</name>
		<pose>Unspecified</pose>
		<truncated>0</truncated>
		<difficult>0</difficult>
		<occluded>0</occluded>
		<bndbox>
			<xmin>91</xmin>
			<xmax>223</xmax>
			<ymin>143</ymin>
			<ymax>207</ymax>
		</bndbox>
	</object>
</annotation>
