<annotation>
	<folder></folder>
	<filename>fda5760a-c6ff-43a9-8ce7-61e808f109ea___3e7fd381-0ae5-4421-8a70-279ee0ec1c61_nissan_terrano_ii_nissan_terrano_ii_2_7_tdi_se_4x4_3330085523722771900_jpg.rf.4b847b9c95d48964537cd1749f6aa5bf.jpg</filename>
	<path>fda5760a-c6ff-43a9-8ce7-61e808f109ea___3e7fd381-0ae5-4421-8a70-279ee0ec1c61_nissan_terrano_ii_nissan_terrano_ii_2_7_tdi_se_4x4_3330085523722771900_jpg.rf.4b847b9c95d48964537cd1749f6aa5bf.jpg</path>
	<source>
		<database>roboflow.ai</database>
	</source>
	<size>
		<width>300</width>
		<height>300</height>
		<depth>3</depth>
	</size>
	<segmented>0</segmented>
	<object>
		<name>HD02NP0</name>
		<pose>Unspecified</pose>
		<truncated>0</truncated>
		<difficult>0</difficult>
		<occluded>0</occluded>
		<bndbox>
			<xmin>234</xmin>
			<xmax>274</xmax>
			<ymin>192</ymin>
			<ymax>233</ymax>
		</bndbox>
	</object>
</annotation>
