<annotation>
	<folder></folder>
	<filename>GA10_jpg.rf.6b786d87c4a1ffbfb2d3243efb0eef34.jpg</filename>
	<path>GA10_jpg.rf.6b786d87c4a1ffbfb2d3243efb0eef34.jpg</path>
	<source>
		<database>roboflow.ai</database>
	</source>
	<size>
		<width>300</width>
		<height>300</height>
		<depth>3</depth>
	</size>
	<segmented>0</segmented>
	<object>
		<name>GA01R6315</name>
		<pose>Unspecified</pose>
		<truncated>0</truncated>
		<difficult>0</difficult>
		<occluded>0</occluded>
		<bndbox>
			<xmin>95</xmin>
			<xmax>173</xmax>
			<ymin>164</ymin>
			<ymax>196</ymax>
		</bndbox>
	</object>
</annotation>
