<annotation>
	<folder></folder>
	<filename>GA11_jpg.rf.0e0823c9ee83c3bfbcb38760fde44b42.jpg</filename>
	<path>GA11_jpg.rf.0e0823c9ee83c3bfbcb38760fde44b42.jpg</path>
	<source>
		<database>roboflow.ai</database>
	</source>
	<size>
		<width>300</width>
		<height>300</height>
		<depth>3</depth>
	</size>
	<segmented>0</segmented>
	<object>
		<name>GA03P2839</name>
		<pose>Unspecified</pose>
		<truncated>0</truncated>
		<difficult>0</difficult>
		<occluded>0</occluded>
		<bndbox>
			<xmin>51</xmin>
			<xmax>105</xmax>
			<ymin>200</ymin>
			<ymax>218</ymax>
		</bndbox>
	</object>
</annotation>
