<annotation>
	<folder></folder>
	<filename>GA12_jpg.rf.d1488a78b355f88b85f4fb21a0bb671a.jpg</filename>
	<path>GA12_jpg.rf.d1488a78b355f88b85f4fb21a0bb671a.jpg</path>
	<source>
		<database>roboflow.ai</database>
	</source>
	<size>
		<width>300</width>
		<height>300</height>
		<depth>3</depth>
	</size>
	<segmented>0</segmented>
	<object>
		<name>GA03Y9512</name>
		<pose>Unspecified</pose>
		<truncated>0</truncated>
		<difficult>0</difficult>
		<occluded>0</occluded>
		<bndbox>
			<xmin>109</xmin>
			<xmax>187</xmax>
			<ymin>204</ymin>
			<ymax>226</ymax>
		</bndbox>
	</object>
</annotation>
