<annotation>
	<folder></folder>
	<filename>GA13_jpg.rf.67e0797656c19aa1a5cc549d17e009ee.jpg</filename>
	<path>GA13_jpg.rf.67e0797656c19aa1a5cc549d17e009ee.jpg</path>
	<source>
		<database>roboflow.ai</database>
	</source>
	<size>
		<width>300</width>
		<height>300</height>
		<depth>3</depth>
	</size>
	<segmented>0</segmented>
	<object>
		<name>GA07K6090</name>
		<pose>Unspecified</pose>
		<truncated>0</truncated>
		<difficult>0</difficult>
		<occluded>0</occluded>
		<bndbox>
			<xmin>180</xmin>
			<xmax>239</xmax>
			<ymin>189</ymin>
			<ymax>212</ymax>
		</bndbox>
	</object>
</annotation>
