<annotation>
	<folder></folder>
	<filename>GA1_jpg.rf.dac1e115d93b750d20395ef161edcd33.jpg</filename>
	<path>GA1_jpg.rf.dac1e115d93b750d20395ef161edcd33.jpg</path>
	<source>
		<database>roboflow.ai</database>
	</source>
	<size>
		<width>300</width>
		<height>300</height>
		<depth>3</depth>
	</size>
	<segmented>0</segmented>
	<object>
		<name>GA03R9230</name>
		<pose>Unspecified</pose>
		<truncated>0</truncated>
		<difficult>0</difficult>
		<occluded>0</occluded>
		<bndbox>
			<xmin>142</xmin>
			<xmax>195</xmax>
			<ymin>172</ymin>
			<ymax>186</ymax>
		</bndbox>
	</object>
</annotation>
