<annotation>
	<folder></folder>
	<filename>GA2_jpg.rf.dcaa46c695603a25ab4332b59012b798.jpg</filename>
	<path>GA2_jpg.rf.dcaa46c695603a25ab4332b59012b798.jpg</path>
	<source>
		<database>roboflow.ai</database>
	</source>
	<size>
		<width>300</width>
		<height>300</height>
		<depth>3</depth>
	</size>
	<segmented>0</segmented>
	<object>
		<name>GA08M0184</name>
		<pose>Unspecified</pose>
		<truncated>0</truncated>
		<difficult>0</difficult>
		<occluded>0</occluded>
		<bndbox>
			<xmin>109</xmin>
			<xmax>221</xmax>
			<ymin>153</ymin>
			<ymax>167</ymax>
		</bndbox>
	</object>
</annotation>
