<annotation>
	<folder></folder>
	<filename>GA4_jpg.rf.bb7347db47b05857d46ac3855cd20a8c.jpg</filename>
	<path>GA4_jpg.rf.bb7347db47b05857d46ac3855cd20a8c.jpg</path>
	<source>
		<database>roboflow.ai</database>
	</source>
	<size>
		<width>300</width>
		<height>300</height>
		<depth>3</depth>
	</size>
	<segmented>0</segmented>
	<object>
		<name>GA01C2098</name>
		<pose>Unspecified</pose>
		<truncated>0</truncated>
		<difficult>0</difficult>
		<occluded>0</occluded>
		<bndbox>
			<xmin>131</xmin>
			<xmax>250</xmax>
			<ymin>208</ymin>
			<ymax>254</ymax>
		</bndbox>
	</object>
</annotation>
