<annotation>
	<folder></folder>
	<filename>GA5_jpg.rf.cb68128a5f078cd0273dddf1a897015d.jpg</filename>
	<path>GA5_jpg.rf.cb68128a5f078cd0273dddf1a897015d.jpg</path>
	<source>
		<database>roboflow.ai</database>
	</source>
	<size>
		<width>300</width>
		<height>300</height>
		<depth>3</depth>
	</size>
	<segmented>0</segmented>
	<object>
		<name>GA01E5947</name>
		<pose>Unspecified</pose>
		<truncated>0</truncated>
		<difficult>0</difficult>
		<occluded>0</occluded>
		<bndbox>
			<xmin>110</xmin>
			<xmax>206</xmax>
			<ymin>228</ymin>
			<ymax>253</ymax>
		</bndbox>
	</object>
</annotation>
