<annotation>
	<folder></folder>
	<filename>GA6_jpg.rf.abfbd48198f5714e2f7008026aeeef37.jpg</filename>
	<path>GA6_jpg.rf.abfbd48198f5714e2f7008026aeeef37.jpg</path>
	<source>
		<database>roboflow.ai</database>
	</source>
	<size>
		<width>300</width>
		<height>300</height>
		<depth>3</depth>
	</size>
	<segmented>0</segmented>
	<object>
		<name>GA02J2129</name>
		<pose>Unspecified</pose>
		<truncated>0</truncated>
		<difficult>0</difficult>
		<occluded>0</occluded>
		<bndbox>
			<xmin>105</xmin>
			<xmax>204</xmax>
			<ymin>171</ymin>
			<ymax>180</ymax>
		</bndbox>
	</object>
</annotation>
