<annotation>
	<folder></folder>
	<filename>GJ10_jpg.rf.e93090216aa29af071c95f69f18ad4ba.jpg</filename>
	<path>GJ10_jpg.rf.e93090216aa29af071c95f69f18ad4ba.jpg</path>
	<source>
		<database>roboflow.ai</database>
	</source>
	<size>
		<width>300</width>
		<height>300</height>
		<depth>3</depth>
	</size>
	<segmented>0</segmented>
	<object>
		<name>GJ01RA8370</name>
		<pose>Unspecified</pose>
		<truncated>0</truncated>
		<difficult>0</difficult>
		<occluded>0</occluded>
		<bndbox>
			<xmin>129</xmin>
			<xmax>181</xmax>
			<ymin>219</ymin>
			<ymax>235</ymax>
		</bndbox>
	</object>
</annotation>
