<annotation>
	<folder></folder>
	<filename>GJ11_jpg.rf.f2f1d9a81754979b422aa70465cf6f11.jpg</filename>
	<path>GJ11_jpg.rf.f2f1d9a81754979b422aa70465cf6f11.jpg</path>
	<source>
		<database>roboflow.ai</database>
	</source>
	<size>
		<width>300</width>
		<height>300</height>
		<depth>3</depth>
	</size>
	<segmented>0</segmented>
	<object>
		<name>GJ06HS1855</name>
		<pose>Unspecified</pose>
		<truncated>0</truncated>
		<difficult>0</difficult>
		<occluded>0</occluded>
		<bndbox>
			<xmin>99</xmin>
			<xmax>216</xmax>
			<ymin>125</ymin>
			<ymax>141</ymax>
		</bndbox>
	</object>
</annotation>
