<annotation>
	<folder></folder>
	<filename>GJ12_jpg.rf.95651d78a0ff52b46b239292f731096e.jpg</filename>
	<path>GJ12_jpg.rf.95651d78a0ff52b46b239292f731096e.jpg</path>
	<source>
		<database>roboflow.ai</database>
	</source>
	<size>
		<width>300</width>
		<height>300</height>
		<depth>3</depth>
	</size>
	<segmented>0</segmented>
	<object>
		<name>GJ06PA0097</name>
		<pose>Unspecified</pose>
		<truncated>0</truncated>
		<difficult>0</difficult>
		<occluded>0</occluded>
		<bndbox>
			<xmin>111</xmin>
			<xmax>191</xmax>
			<ymin>200</ymin>
			<ymax>226</ymax>
		</bndbox>
	</object>
</annotation>
