<annotation>
	<folder></folder>
	<filename>GJ13_jpg.rf.3fc60a0cb07f7c6733e5af6babf92dd5.jpg</filename>
	<path>GJ13_jpg.rf.3fc60a0cb07f7c6733e5af6babf92dd5.jpg</path>
	<source>
		<database>roboflow.ai</database>
	</source>
	<size>
		<width>300</width>
		<height>300</height>
		<depth>3</depth>
	</size>
	<segmented>0</segmented>
	<object>
		<name>GJ06KP8508</name>
		<pose>Unspecified</pose>
		<truncated>0</truncated>
		<difficult>0</difficult>
		<occluded>0</occluded>
		<bndbox>
			<xmin>104</xmin>
			<xmax>199</xmax>
			<ymin>210</ymin>
			<ymax>239</ymax>
		</bndbox>
	</object>
</annotation>
