<annotation>
	<folder></folder>
	<filename>GJ14_jpg.rf.dd21f431b69902e81847bf2ec477390f.jpg</filename>
	<path>GJ14_jpg.rf.dd21f431b69902e81847bf2ec477390f.jpg</path>
	<source>
		<database>roboflow.ai</database>
	</source>
	<size>
		<width>300</width>
		<height>300</height>
		<depth>3</depth>
	</size>
	<segmented>0</segmented>
	<object>
		<name>GJ06DG9355</name>
		<pose>Unspecified</pose>
		<truncated>0</truncated>
		<difficult>0</difficult>
		<occluded>0</occluded>
		<bndbox>
			<xmin>110</xmin>
			<xmax>189</xmax>
			<ymin>222</ymin>
			<ymax>242</ymax>
		</bndbox>
	</object>
</annotation>
