<annotation>
	<folder></folder>
	<filename>GJ15_jpg.rf.df0304d256ec9c40be2b07ea3ff70165.jpg</filename>
	<path>GJ15_jpg.rf.df0304d256ec9c40be2b07ea3ff70165.jpg</path>
	<source>
		<database>roboflow.ai</database>
	</source>
	<size>
		<width>300</width>
		<height>300</height>
		<depth>3</depth>
	</size>
	<segmented>0</segmented>
	<object>
		<name>GJ01HS1902</name>
		<pose>Unspecified</pose>
		<truncated>0</truncated>
		<difficult>0</difficult>
		<occluded>0</occluded>
		<bndbox>
			<xmin>115</xmin>
			<xmax>181</xmax>
			<ymin>217</ymin>
			<ymax>239</ymax>
		</bndbox>
	</object>
</annotation>
