<annotation>
	<folder></folder>
	<filename>GJ16_jpg.rf.88570dcc69333199a30b0213ebb162b6.jpg</filename>
	<path>GJ16_jpg.rf.88570dcc69333199a30b0213ebb162b6.jpg</path>
	<source>
		<database>roboflow.ai</database>
	</source>
	<size>
		<width>300</width>
		<height>300</height>
		<depth>3</depth>
	</size>
	<segmented>0</segmented>
	<object>
		<name>GJ01KC9959</name>
		<pose>Unspecified</pose>
		<truncated>0</truncated>
		<difficult>0</difficult>
		<occluded>0</occluded>
		<bndbox>
			<xmin>116</xmin>
			<xmax>195</xmax>
			<ymin>219</ymin>
			<ymax>242</ymax>
		</bndbox>
	</object>
</annotation>
