<annotation>
	<folder></folder>
	<filename>GJ18_jpg.rf.880253191e486319cf3743505865154a.jpg</filename>
	<path>GJ18_jpg.rf.880253191e486319cf3743505865154a.jpg</path>
	<source>
		<database>roboflow.ai</database>
	</source>
	<size>
		<width>300</width>
		<height>300</height>
		<depth>3</depth>
	</size>
	<segmented>0</segmented>
	<object>
		<name>GJ01RN4259</name>
		<pose>Unspecified</pose>
		<truncated>0</truncated>
		<difficult>0</difficult>
		<occluded>0</occluded>
		<bndbox>
			<xmin>118</xmin>
			<xmax>194</xmax>
			<ymin>220</ymin>
			<ymax>242</ymax>
		</bndbox>
	</object>
</annotation>
