<annotation>
	<folder></folder>
	<filename>GJ1_jpg.rf.d96a4335b735444732e8af14adafc484.jpg</filename>
	<path>GJ1_jpg.rf.d96a4335b735444732e8af14adafc484.jpg</path>
	<source>
		<database>roboflow.ai</database>
	</source>
	<size>
		<width>300</width>
		<height>300</height>
		<depth>3</depth>
	</size>
	<segmented>0</segmented>
	<object>
		<name>GJ7AG4373</name>
		<pose>Unspecified</pose>
		<truncated>0</truncated>
		<difficult>0</difficult>
		<occluded>0</occluded>
		<bndbox>
			<xmin>48</xmin>
			<xmax>120</xmax>
			<ymin>183</ymin>
			<ymax>206</ymax>
		</bndbox>
	</object>
</annotation>
