<annotation>
	<folder></folder>
	<filename>GJ21_jpg.rf.b6d795f3c68367141333dd9c19a2de50.jpg</filename>
	<path>GJ21_jpg.rf.b6d795f3c68367141333dd9c19a2de50.jpg</path>
	<source>
		<database>roboflow.ai</database>
	</source>
	<size>
		<width>300</width>
		<height>300</height>
		<depth>3</depth>
	</size>
	<segmented>0</segmented>
	<object>
		<name>GJ12CG2526</name>
		<pose>Unspecified</pose>
		<truncated>0</truncated>
		<difficult>0</difficult>
		<occluded>0</occluded>
		<bndbox>
			<xmin>104</xmin>
			<xmax>194</xmax>
			<ymin>208</ymin>
			<ymax>229</ymax>
		</bndbox>
	</object>
</annotation>
