<annotation>
	<folder></folder>
	<filename>GJ22_jpg.rf.bcce29df48e3eb000c669cca594e593d.jpg</filename>
	<path>GJ22_jpg.rf.bcce29df48e3eb000c669cca594e593d.jpg</path>
	<source>
		<database>roboflow.ai</database>
	</source>
	<size>
		<width>300</width>
		<height>300</height>
		<depth>3</depth>
	</size>
	<segmented>0</segmented>
	<object>
		<name>GJ18BD5216</name>
		<pose>Unspecified</pose>
		<truncated>0</truncated>
		<difficult>0</difficult>
		<occluded>0</occluded>
		<bndbox>
			<xmin>125</xmin>
			<xmax>195</xmax>
			<ymin>170</ymin>
			<ymax>191</ymax>
		</bndbox>
	</object>
</annotation>
