<annotation>
	<folder></folder>
	<filename>GJ25_jpg.rf.5a4406f1b35aeb8944fa47cad850959f.jpg</filename>
	<path>GJ25_jpg.rf.5a4406f1b35aeb8944fa47cad850959f.jpg</path>
	<source>
		<database>roboflow.ai</database>
	</source>
	<size>
		<width>300</width>
		<height>300</height>
		<depth>3</depth>
	</size>
	<segmented>0</segmented>
	<object>
		<name>GJ01HM5887</name>
		<pose>Unspecified</pose>
		<truncated>0</truncated>
		<difficult>0</difficult>
		<occluded>0</occluded>
		<bndbox>
			<xmin>119</xmin>
			<xmax>184</xmax>
			<ymin>264</ymin>
			<ymax>295</ymax>
		</bndbox>
	</object>
</annotation>
