<annotation>
	<folder></folder>
	<filename>GJ26_jpg.rf.b5911d32f5c99b5392579af1cb8d169d.jpg</filename>
	<path>GJ26_jpg.rf.b5911d32f5c99b5392579af1cb8d169d.jpg</path>
	<source>
		<database>roboflow.ai</database>
	</source>
	<size>
		<width>300</width>
		<height>300</height>
		<depth>3</depth>
	</size>
	<segmented>0</segmented>
	<object>
		<name>GJ09AG8384</name>
		<pose>Unspecified</pose>
		<truncated>0</truncated>
		<difficult>0</difficult>
		<occluded>0</occluded>
		<bndbox>
			<xmin>93</xmin>
			<xmax>198</xmax>
			<ymin>237</ymin>
			<ymax>255</ymax>
		</bndbox>
	</object>
</annotation>
