<annotation>
	<folder></folder>
	<filename>GJ27_jpg.rf.16d46dedd6b278c66d26cf9cc679dde4.jpg</filename>
	<path>GJ27_jpg.rf.16d46dedd6b278c66d26cf9cc679dde4.jpg</path>
	<source>
		<database>roboflow.ai</database>
	</source>
	<size>
		<width>300</width>
		<height>300</height>
		<depth>3</depth>
	</size>
	<segmented>0</segmented>
	<object>
		<name>GJ18BK6705</name>
		<pose>Unspecified</pose>
		<truncated>0</truncated>
		<difficult>0</difficult>
		<occluded>0</occluded>
		<bndbox>
			<xmin>118</xmin>
			<xmax>176</xmax>
			<ymin>212</ymin>
			<ymax>231</ymax>
		</bndbox>
	</object>
</annotation>
