<annotation>
	<folder></folder>
	<filename>GJ28_jpg.rf.8af34c98eae2b3bd65e8bcae92a6f122.jpg</filename>
	<path>GJ28_jpg.rf.8af34c98eae2b3bd65e8bcae92a6f122.jpg</path>
	<source>
		<database>roboflow.ai</database>
	</source>
	<size>
		<width>300</width>
		<height>300</height>
		<depth>3</depth>
	</size>
	<segmented>0</segmented>
	<object>
		<name>GJ05JB6589</name>
		<pose>Unspecified</pose>
		<truncated>0</truncated>
		<difficult>0</difficult>
		<occluded>0</occluded>
		<bndbox>
			<xmin>133</xmin>
			<xmax>202</xmax>
			<ymin>200</ymin>
			<ymax>239</ymax>
		</bndbox>
	</object>
</annotation>
