<annotation>
	<folder></folder>
	<filename>GJ2_jpg.rf.538da378284e5a23bdef13501b6da86f.jpg</filename>
	<path>GJ2_jpg.rf.538da378284e5a23bdef13501b6da86f.jpg</path>
	<source>
		<database>roboflow.ai</database>
	</source>
	<size>
		<width>300</width>
		<height>300</height>
		<depth>3</depth>
	</size>
	<segmented>0</segmented>
	<object>
		<name>GJ15CB3980</name>
		<pose>Unspecified</pose>
		<truncated>0</truncated>
		<difficult>0</difficult>
		<occluded>0</occluded>
		<bndbox>
			<xmin>98</xmin>
			<xmax>194</xmax>
			<ymin>115</ymin>
			<ymax>131</ymax>
		</bndbox>
	</object>
</annotation>
