<annotation>
	<folder></folder>
	<filename>GJ4_jpg.rf.0e8fb294cd650b482cd8963a0ca98e41.jpg</filename>
	<path>GJ4_jpg.rf.0e8fb294cd650b482cd8963a0ca98e41.jpg</path>
	<source>
		<database>roboflow.ai</database>
	</source>
	<size>
		<width>300</width>
		<height>300</height>
		<depth>3</depth>
	</size>
	<segmented>0</segmented>
	<object>
		<name>GJ06JE4788</name>
		<pose>Unspecified</pose>
		<truncated>0</truncated>
		<difficult>0</difficult>
		<occluded>0</occluded>
		<bndbox>
			<xmin>114</xmin>
			<xmax>196</xmax>
			<ymin>208</ymin>
			<ymax>224</ymax>
		</bndbox>
	</object>
</annotation>
