<annotation>
	<folder></folder>
	<filename>GJ6_jpg.rf.3db2528567e4d8ed092f07432daa4de1.jpg</filename>
	<path>GJ6_jpg.rf.3db2528567e4d8ed092f07432daa4de1.jpg</path>
	<source>
		<database>roboflow.ai</database>
	</source>
	<size>
		<width>300</width>
		<height>300</height>
		<depth>3</depth>
	</size>
	<segmented>0</segmented>
	<object>
		<name>GJ06FK2977</name>
		<pose>Unspecified</pose>
		<truncated>0</truncated>
		<difficult>0</difficult>
		<occluded>0</occluded>
		<bndbox>
			<xmin>105</xmin>
			<xmax>195</xmax>
			<ymin>220</ymin>
			<ymax>247</ymax>
		</bndbox>
	</object>
</annotation>
