<annotation>
	<folder></folder>
	<filename>GJ8_jpg.rf.258e8a90070a6bea4d8b2c54a1187497.jpg</filename>
	<path>GJ8_jpg.rf.258e8a90070a6bea4d8b2c54a1187497.jpg</path>
	<source>
		<database>roboflow.ai</database>
	</source>
	<size>
		<width>300</width>
		<height>300</height>
		<depth>3</depth>
	</size>
	<segmented>0</segmented>
	<object>
		<name>GJ16CH9827</name>
		<pose>Unspecified</pose>
		<truncated>0</truncated>
		<difficult>0</difficult>
		<occluded>0</occluded>
		<bndbox>
			<xmin>108</xmin>
			<xmax>190</xmax>
			<ymin>217</ymin>
			<ymax>241</ymax>
		</bndbox>
	</object>
</annotation>
