<annotation>
	<folder></folder>
	<filename>GJ9_jpg.rf.036cea1ed343dce74c9ec41ced9a7e71.jpg</filename>
	<path>GJ9_jpg.rf.036cea1ed343dce74c9ec41ced9a7e71.jpg</path>
	<source>
		<database>roboflow.ai</database>
	</source>
	<size>
		<width>300</width>
		<height>300</height>
		<depth>3</depth>
	</size>
	<segmented>0</segmented>
	<object>
		<name>GJ05RE8119</name>
		<pose>Unspecified</pose>
		<truncated>0</truncated>
		<difficult>0</difficult>
		<occluded>0</occluded>
		<bndbox>
			<xmin>99</xmin>
			<xmax>191</xmax>
			<ymin>198</ymin>
			<ymax>216</ymax>
		</bndbox>
	</object>
</annotation>
