<annotation>
	<folder></folder>
	<filename>HP10_jpg.rf.8c5d6e1388817944fbdd690d2a3763e1.jpg</filename>
	<path>HP10_jpg.rf.8c5d6e1388817944fbdd690d2a3763e1.jpg</path>
	<source>
		<database>roboflow.ai</database>
	</source>
	<size>
		<width>300</width>
		<height>300</height>
		<depth>3</depth>
	</size>
	<segmented>0</segmented>
	<object>
		<name>HP52B5958</name>
		<pose>Unspecified</pose>
		<truncated>0</truncated>
		<difficult>0</difficult>
		<occluded>0</occluded>
		<bndbox>
			<xmin>112</xmin>
			<xmax>182</xmax>
			<ymin>180</ymin>
			<ymax>188</ymax>
		</bndbox>
	</object>
</annotation>
