<annotation>
	<folder></folder>
	<filename>HP12_jpg.rf.877a56aaaeaee4d064eb73039f0c73ae.jpg</filename>
	<path>HP12_jpg.rf.877a56aaaeaee4d064eb73039f0c73ae.jpg</path>
	<source>
		<database>roboflow.ai</database>
	</source>
	<size>
		<width>300</width>
		<height>300</height>
		<depth>3</depth>
	</size>
	<segmented>0</segmented>
	<object>
		<name>HP36E3330</name>
		<pose>Unspecified</pose>
		<truncated>0</truncated>
		<difficult>0</difficult>
		<occluded>0</occluded>
		<bndbox>
			<xmin>85</xmin>
			<xmax>160</xmax>
			<ymin>207</ymin>
			<ymax>241</ymax>
		</bndbox>
	</object>
</annotation>
