<annotation>
	<folder></folder>
	<filename>HP14_jpg.rf.09affaaaffe4c919f4afdb2e913da570.jpg</filename>
	<path>HP14_jpg.rf.09affaaaffe4c919f4afdb2e913da570.jpg</path>
	<source>
		<database>roboflow.ai</database>
	</source>
	<size>
		<width>300</width>
		<height>300</height>
		<depth>3</depth>
	</size>
	<segmented>0</segmented>
	<object>
		<name>HP3SG1539</name>
		<pose>Unspecified</pose>
		<truncated>0</truncated>
		<difficult>0</difficult>
		<occluded>0</occluded>
		<bndbox>
			<xmin>108</xmin>
			<xmax>219</xmax>
			<ymin>212</ymin>
			<ymax>224</ymax>
		</bndbox>
	</object>
</annotation>
