<annotation>
	<folder></folder>
	<filename>HP15_jpg.rf.599c11e233606d56fe74e74ab6e9bf70.jpg</filename>
	<path>HP15_jpg.rf.599c11e233606d56fe74e74ab6e9bf70.jpg</path>
	<source>
		<database>roboflow.ai</database>
	</source>
	<size>
		<width>300</width>
		<height>300</height>
		<depth>3</depth>
	</size>
	<segmented>0</segmented>
	<object>
		<name>HP22E8000</name>
		<pose>Unspecified</pose>
		<truncated>0</truncated>
		<difficult>0</difficult>
		<occluded>0</occluded>
		<bndbox>
			<xmin>123</xmin>
			<xmax>188</xmax>
			<ymin>219</ymin>
			<ymax>237</ymax>
		</bndbox>
	</object>
</annotation>
