<annotation>
	<folder></folder>
	<filename>HP18_jpg.rf.45f98d8632716a30d044f295ffc55f0f.jpg</filename>
	<path>HP18_jpg.rf.45f98d8632716a30d044f295ffc55f0f.jpg</path>
	<source>
		<database>roboflow.ai</database>
	</source>
	<size>
		<width>300</width>
		<height>300</height>
		<depth>3</depth>
	</size>
	<segmented>0</segmented>
	<object>
		<name>HP24C8D32</name>
		<pose>Unspecified</pose>
		<truncated>0</truncated>
		<difficult>0</difficult>
		<occluded>0</occluded>
		<bndbox>
			<xmin>154</xmin>
			<xmax>202</xmax>
			<ymin>234</ymin>
			<ymax>242</ymax>
		</bndbox>
	</object>
</annotation>
