<annotation>
	<folder></folder>
	<filename>HP1_jpg.rf.ebbc16f89e6d887cffd3cc1269f27075.jpg</filename>
	<path>HP1_jpg.rf.ebbc16f89e6d887cffd3cc1269f27075.jpg</path>
	<source>
		<database>roboflow.ai</database>
	</source>
	<size>
		<width>300</width>
		<height>300</height>
		<depth>3</depth>
	</size>
	<segmented>0</segmented>
	<object>
		<name>HP12H1324</name>
		<pose>Unspecified</pose>
		<truncated>0</truncated>
		<difficult>0</difficult>
		<occluded>0</occluded>
		<bndbox>
			<xmin>134</xmin>
			<xmax>197</xmax>
			<ymin>190</ymin>
			<ymax>200</ymax>
		</bndbox>
	</object>
</annotation>
