<annotation>
	<folder></folder>
	<filename>HP21_jpg.rf.a4e03a97fc6f7d05518e5d32784aafb4.jpg</filename>
	<path>HP21_jpg.rf.a4e03a97fc6f7d05518e5d32784aafb4.jpg</path>
	<source>
		<database>roboflow.ai</database>
	</source>
	<size>
		<width>300</width>
		<height>300</height>
		<depth>3</depth>
	</size>
	<segmented>0</segmented>
	<object>
		<name>HP40B8992</name>
		<pose>Unspecified</pose>
		<truncated>0</truncated>
		<difficult>0</difficult>
		<occluded>0</occluded>
		<bndbox>
			<xmin>84</xmin>
			<xmax>186</xmax>
			<ymin>160</ymin>
			<ymax>181</ymax>
		</bndbox>
	</object>
</annotation>
