<annotation>
	<folder></folder>
	<filename>HP22_jpg.rf.fdb43d1d66fa604888fa7a78308abf44.jpg</filename>
	<path>HP22_jpg.rf.fdb43d1d66fa604888fa7a78308abf44.jpg</path>
	<source>
		<database>roboflow.ai</database>
	</source>
	<size>
		<width>300</width>
		<height>300</height>
		<depth>3</depth>
	</size>
	<segmented>0</segmented>
	<object>
		<name>HP64B3380</name>
		<pose>Unspecified</pose>
		<truncated>0</truncated>
		<difficult>0</difficult>
		<occluded>0</occluded>
		<bndbox>
			<xmin>94</xmin>
			<xmax>173</xmax>
			<ymin>164</ymin>
			<ymax>178</ymax>
		</bndbox>
	</object>
</annotation>
