<annotation>
	<folder></folder>
	<filename>HP2_jpg.rf.6555b4bc00dc4e6c5fa77fabb6308b22.jpg</filename>
	<path>HP2_jpg.rf.6555b4bc00dc4e6c5fa77fabb6308b22.jpg</path>
	<source>
		<database>roboflow.ai</database>
	</source>
	<size>
		<width>300</width>
		<height>300</height>
		<depth>3</depth>
	</size>
	<segmented>0</segmented>
	<object>
		<name>HP16A2014</name>
		<pose>Unspecified</pose>
		<truncated>0</truncated>
		<difficult>0</difficult>
		<occluded>0</occluded>
		<bndbox>
			<xmin>125</xmin>
			<xmax>255</xmax>
			<ymin>244</ymin>
			<ymax>262</ymax>
		</bndbox>
	</object>
</annotation>
