<annotation>
	<folder></folder>
	<filename>HP3_jpg.rf.c4e685d1fe0dc6fb265abe30c08be81e.jpg</filename>
	<path>HP3_jpg.rf.c4e685d1fe0dc6fb265abe30c08be81e.jpg</path>
	<source>
		<database>roboflow.ai</database>
	</source>
	<size>
		<width>300</width>
		<height>300</height>
		<depth>3</depth>
	</size>
	<segmented>0</segmented>
	<object>
		<name>HP666807</name>
		<pose>Unspecified</pose>
		<truncated>0</truncated>
		<difficult>0</difficult>
		<occluded>0</occluded>
		<bndbox>
			<xmin>88</xmin>
			<xmax>184</xmax>
			<ymin>230</ymin>
			<ymax>251</ymax>
		</bndbox>
	</object>
</annotation>
