<annotation>
	<folder></folder>
	<filename>HP8_jpg.rf.f53fa0e2119dfe8b537884153737b9bf.jpg</filename>
	<path>HP8_jpg.rf.f53fa0e2119dfe8b537884153737b9bf.jpg</path>
	<source>
		<database>roboflow.ai</database>
	</source>
	<size>
		<width>300</width>
		<height>300</height>
		<depth>3</depth>
	</size>
	<segmented>0</segmented>
	<object>
		<name>HP719898</name>
		<pose>Unspecified</pose>
		<truncated>0</truncated>
		<difficult>0</difficult>
		<occluded>0</occluded>
		<bndbox>
			<xmin>115</xmin>
			<xmax>196</xmax>
			<ymin>138</ymin>
			<ymax>156</ymax>
		</bndbox>
	</object>
</annotation>
