<annotation>
	<folder></folder>
	<filename>HR11_jpg.rf.3d482045960d74c210b3d6f6c6c3474f.jpg</filename>
	<path>HR11_jpg.rf.3d482045960d74c210b3d6f6c6c3474f.jpg</path>
	<source>
		<database>roboflow.ai</database>
	</source>
	<size>
		<width>300</width>
		<height>300</height>
		<depth>3</depth>
	</size>
	<segmented>0</segmented>
	<object>
		<name>HR01H4731</name>
		<pose>Unspecified</pose>
		<truncated>0</truncated>
		<difficult>0</difficult>
		<occluded>0</occluded>
		<bndbox>
			<xmin>106</xmin>
			<xmax>218</xmax>
			<ymin>227</ymin>
			<ymax>248</ymax>
		</bndbox>
	</object>
</annotation>
