<annotation>
	<folder></folder>
	<filename>HR12_jpg.rf.2bf366104fbea2ce1bbe7a36c96bcf09.jpg</filename>
	<path>HR12_jpg.rf.2bf366104fbea2ce1bbe7a36c96bcf09.jpg</path>
	<source>
		<database>roboflow.ai</database>
	</source>
	<size>
		<width>300</width>
		<height>300</height>
		<depth>3</depth>
	</size>
	<segmented>0</segmented>
	<object>
		<name>HR29R9466</name>
		<pose>Unspecified</pose>
		<truncated>0</truncated>
		<difficult>0</difficult>
		<occluded>0</occluded>
		<bndbox>
			<xmin>165</xmin>
			<xmax>219</xmax>
			<ymin>250</ymin>
			<ymax>267</ymax>
		</bndbox>
	</object>
</annotation>
