<annotation>
	<folder></folder>
	<filename>HR13_jpg.rf.be7fdbf30d34e117dd6c423cf88e8faf.jpg</filename>
	<path>HR13_jpg.rf.be7fdbf30d34e117dd6c423cf88e8faf.jpg</path>
	<source>
		<database>roboflow.ai</database>
	</source>
	<size>
		<width>300</width>
		<height>300</height>
		<depth>3</depth>
	</size>
	<segmented>0</segmented>
	<object>
		<name>HR51AQ0911</name>
		<pose>Unspecified</pose>
		<truncated>0</truncated>
		<difficult>0</difficult>
		<occluded>0</occluded>
		<bndbox>
			<xmin>112</xmin>
			<xmax>199</xmax>
			<ymin>203</ymin>
			<ymax>219</ymax>
		</bndbox>
	</object>
</annotation>
