<annotation>
	<folder></folder>
	<filename>HR14_jpg.rf.5754bf0c6d8cbb9d83a7522989991209.jpg</filename>
	<path>HR14_jpg.rf.5754bf0c6d8cbb9d83a7522989991209.jpg</path>
	<source>
		<database>roboflow.ai</database>
	</source>
	<size>
		<width>300</width>
		<height>300</height>
		<depth>3</depth>
	</size>
	<segmented>0</segmented>
	<object>
		<name>HR51BU8218</name>
		<pose>Unspecified</pose>
		<truncated>0</truncated>
		<difficult>0</difficult>
		<occluded>0</occluded>
		<bndbox>
			<xmin>92</xmin>
			<xmax>204</xmax>
			<ymin>166</ymin>
			<ymax>180</ymax>
		</bndbox>
	</object>
</annotation>
