<annotation>
	<folder></folder>
	<filename>HR16_jpg.rf.8a41ffd5d3e8c2974e13a55e6ce2924d.jpg</filename>
	<path>HR16_jpg.rf.8a41ffd5d3e8c2974e13a55e6ce2924d.jpg</path>
	<source>
		<database>roboflow.ai</database>
	</source>
	<size>
		<width>300</width>
		<height>300</height>
		<depth>3</depth>
	</size>
	<segmented>0</segmented>
	<object>
		<name>HR56B2626</name>
		<pose>Unspecified</pose>
		<truncated>0</truncated>
		<difficult>0</difficult>
		<occluded>0</occluded>
		<bndbox>
			<xmin>154</xmin>
			<xmax>247</xmax>
			<ymin>218</ymin>
			<ymax>244</ymax>
		</bndbox>
	</object>
</annotation>
