<annotation>
	<folder></folder>
	<filename>HR17_jpg.rf.a83751f973d0eca7d996b1e7351190f7.jpg</filename>
	<path>HR17_jpg.rf.a83751f973d0eca7d996b1e7351190f7.jpg</path>
	<source>
		<database>roboflow.ai</database>
	</source>
	<size>
		<width>300</width>
		<height>300</height>
		<depth>3</depth>
	</size>
	<segmented>0</segmented>
	<object>
		<name>HR26BK8597</name>
		<pose>Unspecified</pose>
		<truncated>0</truncated>
		<difficult>0</difficult>
		<occluded>0</occluded>
		<bndbox>
			<xmin>101</xmin>
			<xmax>199</xmax>
			<ymin>141</ymin>
			<ymax>153</ymax>
		</bndbox>
	</object>
</annotation>
