<annotation>
	<folder></folder>
	<filename>HR18_jpg.rf.cf1b36e66de7f66e2380d24d9ed4f53e.jpg</filename>
	<path>HR18_jpg.rf.cf1b36e66de7f66e2380d24d9ed4f53e.jpg</path>
	<source>
		<database>roboflow.ai</database>
	</source>
	<size>
		<width>300</width>
		<height>300</height>
		<depth>3</depth>
	</size>
	<segmented>0</segmented>
	<object>
		<name>HR26DM2296</name>
		<pose>Unspecified</pose>
		<truncated>0</truncated>
		<difficult>0</difficult>
		<occluded>0</occluded>
		<bndbox>
			<xmin>106</xmin>
			<xmax>181</xmax>
			<ymin>166</ymin>
			<ymax>175</ymax>
		</bndbox>
	</object>
</annotation>
