<annotation>
	<folder></folder>
	<filename>HR19_jpg.rf.79debfaf6229f76ca466dc89d114b33e.jpg</filename>
	<path>HR19_jpg.rf.79debfaf6229f76ca466dc89d114b33e.jpg</path>
	<source>
		<database>roboflow.ai</database>
	</source>
	<size>
		<width>300</width>
		<height>300</height>
		<depth>3</depth>
	</size>
	<segmented>0</segmented>
	<object>
		<name>HR29AQ4939</name>
		<pose>Unspecified</pose>
		<truncated>0</truncated>
		<difficult>0</difficult>
		<occluded>0</occluded>
		<bndbox>
			<xmin>111</xmin>
			<xmax>185</xmax>
			<ymin>238</ymin>
			<ymax>260</ymax>
		</bndbox>
	</object>
</annotation>
