<annotation>
	<folder></folder>
	<filename>HR20_jpg.rf.97fcaf1d630ba4c906c8f544c43b3433.jpg</filename>
	<path>HR20_jpg.rf.97fcaf1d630ba4c906c8f544c43b3433.jpg</path>
	<source>
		<database>roboflow.ai</database>
	</source>
	<size>
		<width>300</width>
		<height>300</height>
		<depth>3</depth>
	</size>
	<segmented>0</segmented>
	<object>
		<name>HR26EJ7668</name>
		<pose>Unspecified</pose>
		<truncated>0</truncated>
		<difficult>0</difficult>
		<occluded>0</occluded>
		<bndbox>
			<xmin>112</xmin>
			<xmax>210</xmax>
			<ymin>197</ymin>
			<ymax>210</ymax>
		</bndbox>
	</object>
</annotation>
