<annotation>
	<folder></folder>
	<filename>HR2_jpg.rf.9f2453f937e9dc03fb597212e3fe687a.jpg</filename>
	<path>HR2_jpg.rf.9f2453f937e9dc03fb597212e3fe687a.jpg</path>
	<source>
		<database>roboflow.ai</database>
	</source>
	<size>
		<width>300</width>
		<height>300</height>
		<depth>3</depth>
	</size>
	<segmented>0</segmented>
	<object>
		<name>HR71F9259</name>
		<pose>Unspecified</pose>
		<truncated>0</truncated>
		<difficult>0</difficult>
		<occluded>0</occluded>
		<bndbox>
			<xmin>120</xmin>
			<xmax>203</xmax>
			<ymin>201</ymin>
			<ymax>225</ymax>
		</bndbox>
	</object>
</annotation>
