<annotation>
	<folder></folder>
	<filename>HR3_jpg.rf.9a72cf13700f92f540dfe68f32935924.jpg</filename>
	<path>HR3_jpg.rf.9a72cf13700f92f540dfe68f32935924.jpg</path>
	<source>
		<database>roboflow.ai</database>
	</source>
	<size>
		<width>300</width>
		<height>300</height>
		<depth>3</depth>
	</size>
	<segmented>0</segmented>
	<object>
		<name>HR29W8286</name>
		<pose>Unspecified</pose>
		<truncated>0</truncated>
		<difficult>0</difficult>
		<occluded>0</occluded>
		<bndbox>
			<xmin>115</xmin>
			<xmax>199</xmax>
			<ymin>200</ymin>
			<ymax>226</ymax>
		</bndbox>
	</object>
</annotation>
