<annotation>
	<folder></folder>
	<filename>HR5_jpg.rf.944a406b887c7f22271584a8084e28d3.jpg</filename>
	<path>HR5_jpg.rf.944a406b887c7f22271584a8084e28d3.jpg</path>
	<source>
		<database>roboflow.ai</database>
	</source>
	<size>
		<width>300</width>
		<height>300</height>
		<depth>3</depth>
	</size>
	<segmented>0</segmented>
	<object>
		<name>HR26CC7676</name>
		<pose>Unspecified</pose>
		<truncated>0</truncated>
		<difficult>0</difficult>
		<occluded>0</occluded>
		<bndbox>
			<xmin>102</xmin>
			<xmax>182</xmax>
			<ymin>205</ymin>
			<ymax>229</ymax>
		</bndbox>
	</object>
</annotation>
