<annotation>
	<folder></folder>
	<filename>HR6_jpg.rf.b703c4d111e91ecda46a4217a74fe66f.jpg</filename>
	<path>HR6_jpg.rf.b703c4d111e91ecda46a4217a74fe66f.jpg</path>
	<source>
		<database>roboflow.ai</database>
	</source>
	<size>
		<width>300</width>
		<height>300</height>
		<depth>3</depth>
	</size>
	<segmented>0</segmented>
	<object>
		<name>HR26DJ8832</name>
		<pose>Unspecified</pose>
		<truncated>0</truncated>
		<difficult>0</difficult>
		<occluded>0</occluded>
		<bndbox>
			<xmin>113</xmin>
			<xmax>190</xmax>
			<ymin>220</ymin>
			<ymax>233</ymax>
		</bndbox>
	</object>
</annotation>
