<annotation>
	<folder></folder>
	<filename>HR7_jpg.rf.92b864b86b2d8f78bfb51804783b9fea.jpg</filename>
	<path>HR7_jpg.rf.92b864b86b2d8f78bfb51804783b9fea.jpg</path>
	<source>
		<database>roboflow.ai</database>
	</source>
	<size>
		<width>300</width>
		<height>300</height>
		<depth>3</depth>
	</size>
	<segmented>0</segmented>
	<object>
		<name>HR01W0080</name>
		<pose>Unspecified</pose>
		<truncated>0</truncated>
		<difficult>0</difficult>
		<occluded>0</occluded>
		<bndbox>
			<xmin>124</xmin>
			<xmax>189</xmax>
			<ymin>234</ymin>
			<ymax>264</ymax>
		</bndbox>
	</object>
</annotation>
