<annotation>
	<folder></folder>
	<filename>HR8_jpg.rf.89a13522a8d52f65d04119642b37e141.jpg</filename>
	<path>HR8_jpg.rf.89a13522a8d52f65d04119642b37e141.jpg</path>
	<source>
		<database>roboflow.ai</database>
	</source>
	<size>
		<width>300</width>
		<height>300</height>
		<depth>3</depth>
	</size>
	<segmented>0</segmented>
	<object>
		<name>HR20X8432</name>
		<pose>Unspecified</pose>
		<truncated>0</truncated>
		<difficult>0</difficult>
		<occluded>0</occluded>
		<bndbox>
			<xmin>105</xmin>
			<xmax>205</xmax>
			<ymin>179</ymin>
			<ymax>192</ymax>
		</bndbox>
	</object>
</annotation>
