<annotation>
	<folder></folder>
	<filename>JH12_jpg.rf.ebc2363a0ac46e4bf2d77fd440264714.jpg</filename>
	<path>JH12_jpg.rf.ebc2363a0ac46e4bf2d77fd440264714.jpg</path>
	<source>
		<database>roboflow.ai</database>
	</source>
	<size>
		<width>300</width>
		<height>300</height>
		<depth>3</depth>
	</size>
	<segmented>0</segmented>
	<object>
		<name>JH01AX5392</name>
		<pose>Unspecified</pose>
		<truncated>0</truncated>
		<difficult>0</difficult>
		<occluded>0</occluded>
		<bndbox>
			<xmin>86</xmin>
			<xmax>182</xmax>
			<ymin>153</ymin>
			<ymax>166</ymax>
		</bndbox>
	</object>
</annotation>
