<annotation>
	<folder></folder>
	<filename>JH13_jpg.rf.e915646a6181467c3cdd328eda8ee18e.jpg</filename>
	<path>JH13_jpg.rf.e915646a6181467c3cdd328eda8ee18e.jpg</path>
	<source>
		<database>roboflow.ai</database>
	</source>
	<size>
		<width>300</width>
		<height>300</height>
		<depth>3</depth>
	</size>
	<segmented>0</segmented>
	<object>
		<name>JH01AM2354</name>
		<pose>Unspecified</pose>
		<truncated>0</truncated>
		<difficult>0</difficult>
		<occluded>0</occluded>
		<bndbox>
			<xmin>120</xmin>
			<xmax>201</xmax>
			<ymin>209</ymin>
			<ymax>223</ymax>
		</bndbox>
	</object>
</annotation>
