<annotation>
	<folder></folder>
	<filename>JH14_jpg.rf.162a8b55551312c94e9a396597a3b649.jpg</filename>
	<path>JH14_jpg.rf.162a8b55551312c94e9a396597a3b649.jpg</path>
	<source>
		<database>roboflow.ai</database>
	</source>
	<size>
		<width>300</width>
		<height>300</height>
		<depth>3</depth>
	</size>
	<segmented>0</segmented>
	<object>
		<name>JH10BV1496</name>
		<pose>Unspecified</pose>
		<truncated>0</truncated>
		<difficult>0</difficult>
		<occluded>0</occluded>
		<bndbox>
			<xmin>110</xmin>
			<xmax>201</xmax>
			<ymin>228</ymin>
			<ymax>242</ymax>
		</bndbox>
	</object>
</annotation>
