<annotation>
	<folder></folder>
	<filename>JH15_jpg.rf.1e53195a5daa8f2ef3c47ce4eb050530.jpg</filename>
	<path>JH15_jpg.rf.1e53195a5daa8f2ef3c47ce4eb050530.jpg</path>
	<source>
		<database>roboflow.ai</database>
	</source>
	<size>
		<width>300</width>
		<height>300</height>
		<depth>3</depth>
	</size>
	<segmented>0</segmented>
	<object>
		<name>JH08C0625</name>
		<pose>Unspecified</pose>
		<truncated>0</truncated>
		<difficult>0</difficult>
		<occluded>0</occluded>
		<bndbox>
			<xmin>102</xmin>
			<xmax>197</xmax>
			<ymin>187</ymin>
			<ymax>215</ymax>
		</bndbox>
	</object>
</annotation>
