<annotation>
	<folder></folder>
	<filename>JH16_jpg.rf.d6af6ef3eab122cfc555c5bc7bf86b01.jpg</filename>
	<path>JH16_jpg.rf.d6af6ef3eab122cfc555c5bc7bf86b01.jpg</path>
	<source>
		<database>roboflow.ai</database>
	</source>
	<size>
		<width>300</width>
		<height>300</height>
		<depth>3</depth>
	</size>
	<segmented>0</segmented>
	<object>
		<name>JH10S5378</name>
		<pose>Unspecified</pose>
		<truncated>0</truncated>
		<difficult>0</difficult>
		<occluded>0</occluded>
		<bndbox>
			<xmin>72</xmin>
			<xmax>188</xmax>
			<ymin>156</ymin>
			<ymax>173</ymax>
		</bndbox>
	</object>
</annotation>
