<annotation>
	<folder></folder>
	<filename>JH17_jpg.rf.a7a8e834b0476d3f990c957174d81226.jpg</filename>
	<path>JH17_jpg.rf.a7a8e834b0476d3f990c957174d81226.jpg</path>
	<source>
		<database>roboflow.ai</database>
	</source>
	<size>
		<width>300</width>
		<height>300</height>
		<depth>3</depth>
	</size>
	<segmented>0</segmented>
	<object>
		<name>JH01AR2011</name>
		<pose>Unspecified</pose>
		<truncated>0</truncated>
		<difficult>0</difficult>
		<occluded>0</occluded>
		<bndbox>
			<xmin>120</xmin>
			<xmax>179</xmax>
			<ymin>233</ymin>
			<ymax>252</ymax>
		</bndbox>
	</object>
</annotation>
