<annotation>
	<folder></folder>
	<filename>JH19_jpg.rf.9ea663c488a48b8ffe9b5ee502381685.jpg</filename>
	<path>JH19_jpg.rf.9ea663c488a48b8ffe9b5ee502381685.jpg</path>
	<source>
		<database>roboflow.ai</database>
	</source>
	<size>
		<width>300</width>
		<height>300</height>
		<depth>3</depth>
	</size>
	<segmented>0</segmented>
	<object>
		<name>JH05Y9636</name>
		<pose>Unspecified</pose>
		<truncated>0</truncated>
		<difficult>0</difficult>
		<occluded>0</occluded>
		<bndbox>
			<xmin>121</xmin>
			<xmax>212</xmax>
			<ymin>174</ymin>
			<ymax>212</ymax>
		</bndbox>
	</object>
</annotation>
