<annotation>
	<folder></folder>
	<filename>JH2_jpg.rf.7655ec10d95eb55bc10acb77b0ad5045.jpg</filename>
	<path>JH2_jpg.rf.7655ec10d95eb55bc10acb77b0ad5045.jpg</path>
	<source>
		<database>roboflow.ai</database>
	</source>
	<size>
		<width>300</width>
		<height>300</height>
		<depth>3</depth>
	</size>
	<segmented>0</segmented>
	<object>
		<name>JH01AM0100</name>
		<pose>Unspecified</pose>
		<truncated>0</truncated>
		<difficult>0</difficult>
		<occluded>0</occluded>
		<bndbox>
			<xmin>107</xmin>
			<xmax>198</xmax>
			<ymin>189</ymin>
			<ymax>200</ymax>
		</bndbox>
	</object>
</annotation>
