<annotation>
	<folder></folder>
	<filename>JH5_jpg.rf.a30fb292a312eb66278b609823d6c508.jpg</filename>
	<path>JH5_jpg.rf.a30fb292a312eb66278b609823d6c508.jpg</path>
	<source>
		<database>roboflow.ai</database>
	</source>
	<size>
		<width>300</width>
		<height>300</height>
		<depth>3</depth>
	</size>
	<segmented>0</segmented>
	<object>
		<name>JH09AA2570</name>
		<pose>Unspecified</pose>
		<truncated>0</truncated>
		<difficult>0</difficult>
		<occluded>0</occluded>
		<bndbox>
			<xmin>188</xmin>
			<xmax>251</xmax>
			<ymin>204</ymin>
			<ymax>244</ymax>
		</bndbox>
	</object>
</annotation>
