<annotation>
	<folder></folder>
	<filename>JH9_jpg.rf.d30920d27a875f7cb09eccbc2b86c9a5.jpg</filename>
	<path>JH9_jpg.rf.d30920d27a875f7cb09eccbc2b86c9a5.jpg</path>
	<source>
		<database>roboflow.ai</database>
	</source>
	<size>
		<width>300</width>
		<height>300</height>
		<depth>3</depth>
	</size>
	<segmented>0</segmented>
	<object>
		<name>JH01BU9956</name>
		<pose>Unspecified</pose>
		<truncated>0</truncated>
		<difficult>0</difficult>
		<occluded>0</occluded>
		<bndbox>
			<xmin>126</xmin>
			<xmax>186</xmax>
			<ymin>274</ymin>
			<ymax>299</ymax>
		</bndbox>
	</object>
</annotation>
