<annotation>
	<folder></folder>
	<filename>JK10_jpg.rf.488ebf6b6d5c3d671e1e1503bd479f0c.jpg</filename>
	<path>JK10_jpg.rf.488ebf6b6d5c3d671e1e1503bd479f0c.jpg</path>
	<source>
		<database>roboflow.ai</database>
	</source>
	<size>
		<width>300</width>
		<height>300</height>
		<depth>3</depth>
	</size>
	<segmented>0</segmented>
	<object>
		<name>JK02AK8967</name>
		<pose>Unspecified</pose>
		<truncated>0</truncated>
		<difficult>0</difficult>
		<occluded>0</occluded>
		<bndbox>
			<xmin>119</xmin>
			<xmax>206</xmax>
			<ymin>247</ymin>
			<ymax>275</ymax>
		</bndbox>
	</object>
</annotation>
