<annotation>
	<folder></folder>
	<filename>JK11_jpg.rf.81c3b24b778d47a7190b2578cc41f2d3.jpg</filename>
	<path>JK11_jpg.rf.81c3b24b778d47a7190b2578cc41f2d3.jpg</path>
	<source>
		<database>roboflow.ai</database>
	</source>
	<size>
		<width>300</width>
		<height>300</height>
		<depth>3</depth>
	</size>
	<segmented>0</segmented>
	<object>
		<name>JK03D7750</name>
		<pose>Unspecified</pose>
		<truncated>0</truncated>
		<difficult>0</difficult>
		<occluded>0</occluded>
		<bndbox>
			<xmin>104</xmin>
			<xmax>181</xmax>
			<ymin>173</ymin>
			<ymax>182</ymax>
		</bndbox>
	</object>
</annotation>
