<annotation>
	<folder></folder>
	<filename>JK12_jpg.rf.9d3ced5ef97b956c801332a024749b94.jpg</filename>
	<path>JK12_jpg.rf.9d3ced5ef97b956c801332a024749b94.jpg</path>
	<source>
		<database>roboflow.ai</database>
	</source>
	<size>
		<width>300</width>
		<height>300</height>
		<depth>3</depth>
	</size>
	<segmented>0</segmented>
	<object>
		<name>JK01AD3147</name>
		<pose>Unspecified</pose>
		<truncated>0</truncated>
		<difficult>0</difficult>
		<occluded>0</occluded>
		<bndbox>
			<xmin>119</xmin>
			<xmax>202</xmax>
			<ymin>220</ymin>
			<ymax>237</ymax>
		</bndbox>
	</object>
</annotation>
