<annotation>
	<folder></folder>
	<filename>JK15_jpg.rf.4efe2ef77f0a2896a1965b117fd7c8fa.jpg</filename>
	<path>JK15_jpg.rf.4efe2ef77f0a2896a1965b117fd7c8fa.jpg</path>
	<source>
		<database>roboflow.ai</database>
	</source>
	<size>
		<width>300</width>
		<height>300</height>
		<depth>3</depth>
	</size>
	<segmented>0</segmented>
	<object>
		<name>JK02AJ1525</name>
		<pose>Unspecified</pose>
		<truncated>0</truncated>
		<difficult>0</difficult>
		<occluded>0</occluded>
		<bndbox>
			<xmin>103</xmin>
			<xmax>185</xmax>
			<ymin>152</ymin>
			<ymax>165</ymax>
		</bndbox>
	</object>
</annotation>
