<annotation>
	<folder></folder>
	<filename>JK16_jpg.rf.0bab6f9db9ff6baeba7a343b7145dd76.jpg</filename>
	<path>JK16_jpg.rf.0bab6f9db9ff6baeba7a343b7145dd76.jpg</path>
	<source>
		<database>roboflow.ai</database>
	</source>
	<size>
		<width>300</width>
		<height>300</height>
		<depth>3</depth>
	</size>
	<segmented>0</segmented>
	<object>
		<name>JK09B7745</name>
		<pose>Unspecified</pose>
		<truncated>0</truncated>
		<difficult>0</difficult>
		<occluded>0</occluded>
		<bndbox>
			<xmin>87</xmin>
			<xmax>216</xmax>
			<ymin>195</ymin>
			<ymax>215</ymax>
		</bndbox>
	</object>
</annotation>
