<annotation>
	<folder></folder>
	<filename>JK17_jpg.rf.1f13554e7c045f91d5af2c4f718b47dd.jpg</filename>
	<path>JK17_jpg.rf.1f13554e7c045f91d5af2c4f718b47dd.jpg</path>
	<source>
		<database>roboflow.ai</database>
	</source>
	<size>
		<width>300</width>
		<height>300</height>
		<depth>3</depth>
	</size>
	<segmented>0</segmented>
	<object>
		<name>JK02AS3888</name>
		<pose>Unspecified</pose>
		<truncated>0</truncated>
		<difficult>0</difficult>
		<occluded>0</occluded>
		<bndbox>
			<xmin>74</xmin>
			<xmax>198</xmax>
			<ymin>223</ymin>
			<ymax>243</ymax>
		</bndbox>
	</object>
</annotation>
