<annotation>
	<folder></folder>
	<filename>JK18_jpg.rf.751c1f9523692e2fd3e9ac2b71ee066e.jpg</filename>
	<path>JK18_jpg.rf.751c1f9523692e2fd3e9ac2b71ee066e.jpg</path>
	<source>
		<database>roboflow.ai</database>
	</source>
	<size>
		<width>300</width>
		<height>300</height>
		<depth>3</depth>
	</size>
	<segmented>0</segmented>
	<object>
		<name>JK1182360</name>
		<pose>Unspecified</pose>
		<truncated>0</truncated>
		<difficult>0</difficult>
		<occluded>0</occluded>
		<bndbox>
			<xmin>106</xmin>
			<xmax>181</xmax>
			<ymin>179</ymin>
			<ymax>188</ymax>
		</bndbox>
	</object>
</annotation>
