<annotation>
	<folder></folder>
	<filename>JK1_jpg.rf.647d974c4fdeb72cafde983f60083d01.jpg</filename>
	<path>JK1_jpg.rf.647d974c4fdeb72cafde983f60083d01.jpg</path>
	<source>
		<database>roboflow.ai</database>
	</source>
	<size>
		<width>300</width>
		<height>300</height>
		<depth>3</depth>
	</size>
	<segmented>0</segmented>
	<object>
		<name>JK02BF5058</name>
		<pose>Unspecified</pose>
		<truncated>0</truncated>
		<difficult>0</difficult>
		<occluded>0</occluded>
		<bndbox>
			<xmin>111</xmin>
			<xmax>204</xmax>
			<ymin>173</ymin>
			<ymax>191</ymax>
		</bndbox>
	</object>
</annotation>
