<annotation>
	<folder></folder>
	<filename>JK22_jpg.rf.e706b721bcf38dfcd1861ccef6595b19.jpg</filename>
	<path>JK22_jpg.rf.e706b721bcf38dfcd1861ccef6595b19.jpg</path>
	<source>
		<database>roboflow.ai</database>
	</source>
	<size>
		<width>300</width>
		<height>300</height>
		<depth>3</depth>
	</size>
	<segmented>0</segmented>
	<object>
		<name>JK01AL4613</name>
		<pose>Unspecified</pose>
		<truncated>0</truncated>
		<difficult>0</difficult>
		<occluded>0</occluded>
		<bndbox>
			<xmin>109</xmin>
			<xmax>171</xmax>
			<ymin>198</ymin>
			<ymax>220</ymax>
		</bndbox>
	</object>
</annotation>
