<annotation>
	<folder></folder>
	<filename>JK23_jpg.rf.c3fb939809338a68f42984fe29d0f80c.jpg</filename>
	<path>JK23_jpg.rf.c3fb939809338a68f42984fe29d0f80c.jpg</path>
	<source>
		<database>roboflow.ai</database>
	</source>
	<size>
		<width>300</width>
		<height>300</height>
		<depth>3</depth>
	</size>
	<segmented>0</segmented>
	<object>
		<name>JK02CC0447</name>
		<pose>Unspecified</pose>
		<truncated>0</truncated>
		<difficult>0</difficult>
		<occluded>0</occluded>
		<bndbox>
			<xmin>85</xmin>
			<xmax>177</xmax>
			<ymin>181</ymin>
			<ymax>203</ymax>
		</bndbox>
	</object>
</annotation>
