<annotation>
	<folder></folder>
	<filename>JK24_jpg.rf.d902f393b734955ddf0875a99a5d5c8a.jpg</filename>
	<path>JK24_jpg.rf.d902f393b734955ddf0875a99a5d5c8a.jpg</path>
	<source>
		<database>roboflow.ai</database>
	</source>
	<size>
		<width>300</width>
		<height>300</height>
		<depth>3</depth>
	</size>
	<segmented>0</segmented>
	<object>
		<name>JK02BN3088</name>
		<pose>Unspecified</pose>
		<truncated>0</truncated>
		<difficult>0</difficult>
		<occluded>0</occluded>
		<bndbox>
			<xmin>116</xmin>
			<xmax>197</xmax>
			<ymin>200</ymin>
			<ymax>213</ymax>
		</bndbox>
	</object>
</annotation>
