<annotation>
	<folder></folder>
	<filename>JK26_jpg.rf.5987a97421e03dda26e889b9f8e5bb8b.jpg</filename>
	<path>JK26_jpg.rf.5987a97421e03dda26e889b9f8e5bb8b.jpg</path>
	<source>
		<database>roboflow.ai</database>
	</source>
	<size>
		<width>300</width>
		<height>300</height>
		<depth>3</depth>
	</size>
	<segmented>0</segmented>
	<object>
		<name>JK02AG2454</name>
		<pose>Unspecified</pose>
		<truncated>0</truncated>
		<difficult>0</difficult>
		<occluded>0</occluded>
		<bndbox>
			<xmin>142</xmin>
			<xmax>236</xmax>
			<ymin>212</ymin>
			<ymax>236</ymax>
		</bndbox>
	</object>
</annotation>
