<annotation>
	<folder></folder>
	<filename>JK28_jpg.rf.9b51acc49374b442bd96ad40957e1f2b.jpg</filename>
	<path>JK28_jpg.rf.9b51acc49374b442bd96ad40957e1f2b.jpg</path>
	<source>
		<database>roboflow.ai</database>
	</source>
	<size>
		<width>300</width>
		<height>300</height>
		<depth>3</depth>
	</size>
	<segmented>0</segmented>
	<object>
		<name>JK10A5217</name>
		<pose>Unspecified</pose>
		<truncated>0</truncated>
		<difficult>0</difficult>
		<occluded>0</occluded>
		<bndbox>
			<xmin>161</xmin>
			<xmax>247</xmax>
			<ymin>230</ymin>
			<ymax>263</ymax>
		</bndbox>
	</object>
</annotation>
