<annotation>
	<folder></folder>
	<filename>JK29_jpg.rf.63460dc97e0e12ad9427e91c3aac3cb1.jpg</filename>
	<path>JK29_jpg.rf.63460dc97e0e12ad9427e91c3aac3cb1.jpg</path>
	<source>
		<database>roboflow.ai</database>
	</source>
	<size>
		<width>300</width>
		<height>300</height>
		<depth>3</depth>
	</size>
	<segmented>0</segmented>
	<object>
		<name>JK01AF0310</name>
		<pose>Unspecified</pose>
		<truncated>0</truncated>
		<difficult>0</difficult>
		<occluded>0</occluded>
		<bndbox>
			<xmin>77</xmin>
			<xmax>190</xmax>
			<ymin>166</ymin>
			<ymax>178</ymax>
		</bndbox>
	</object>
</annotation>
