<annotation>
	<folder></folder>
	<filename>JK2_jpg.rf.f68b7def3a7cbc2f2f721cc4b28d3b0f.jpg</filename>
	<path>JK2_jpg.rf.f68b7def3a7cbc2f2f721cc4b28d3b0f.jpg</path>
	<source>
		<database>roboflow.ai</database>
	</source>
	<size>
		<width>300</width>
		<height>300</height>
		<depth>3</depth>
	</size>
	<segmented>0</segmented>
	<object>
		<name>JK02BJ7997</name>
		<pose>Unspecified</pose>
		<truncated>0</truncated>
		<difficult>0</difficult>
		<occluded>0</occluded>
		<bndbox>
			<xmin>91</xmin>
			<xmax>212</xmax>
			<ymin>196</ymin>
			<ymax>237</ymax>
		</bndbox>
	</object>
</annotation>
