<annotation>
	<folder></folder>
	<filename>JK30_jpg.rf.075415dc3494c3f1f5192489f609a886.jpg</filename>
	<path>JK30_jpg.rf.075415dc3494c3f1f5192489f609a886.jpg</path>
	<source>
		<database>roboflow.ai</database>
	</source>
	<size>
		<width>300</width>
		<height>300</height>
		<depth>3</depth>
	</size>
	<segmented>0</segmented>
	<object>
		<name>JK02ACB876</name>
		<pose>Unspecified</pose>
		<truncated>0</truncated>
		<difficult>0</difficult>
		<occluded>0</occluded>
		<bndbox>
			<xmin>26</xmin>
			<xmax>86</xmax>
			<ymin>272</ymin>
			<ymax>292</ymax>
		</bndbox>
	</object>
</annotation>
