<annotation>
	<folder></folder>
	<filename>JK31_jpg.rf.271093041a0d8c3d60ce6452beddc0e4.jpg</filename>
	<path>JK31_jpg.rf.271093041a0d8c3d60ce6452beddc0e4.jpg</path>
	<source>
		<database>roboflow.ai</database>
	</source>
	<size>
		<width>300</width>
		<height>300</height>
		<depth>3</depth>
	</size>
	<segmented>0</segmented>
	<object>
		<name>JK03A8042</name>
		<pose>Unspecified</pose>
		<truncated>0</truncated>
		<difficult>0</difficult>
		<occluded>0</occluded>
		<bndbox>
			<xmin>116</xmin>
			<xmax>175</xmax>
			<ymin>209</ymin>
			<ymax>225</ymax>
		</bndbox>
	</object>
</annotation>
