<annotation>
	<folder></folder>
	<filename>JK34_jpg.rf.86888281321951163dfdb0b17f106a0d.jpg</filename>
	<path>JK34_jpg.rf.86888281321951163dfdb0b17f106a0d.jpg</path>
	<source>
		<database>roboflow.ai</database>
	</source>
	<size>
		<width>300</width>
		<height>300</height>
		<depth>3</depth>
	</size>
	<segmented>0</segmented>
	<object>
		<name>JK10B2313</name>
		<pose>Unspecified</pose>
		<truncated>0</truncated>
		<difficult>0</difficult>
		<occluded>0</occluded>
		<bndbox>
			<xmin>141</xmin>
			<xmax>219</xmax>
			<ymin>223</ymin>
			<ymax>243</ymax>
		</bndbox>
	</object>
</annotation>
