<annotation>
	<folder></folder>
	<filename>JK35_jpg.rf.0de863942f4f5709124edc3621c20b7d.jpg</filename>
	<path>JK35_jpg.rf.0de863942f4f5709124edc3621c20b7d.jpg</path>
	<source>
		<database>roboflow.ai</database>
	</source>
	<size>
		<width>300</width>
		<height>300</height>
		<depth>3</depth>
	</size>
	<segmented>0</segmented>
	<object>
		<name>JK10A4638</name>
		<pose>Unspecified</pose>
		<truncated>0</truncated>
		<difficult>0</difficult>
		<occluded>0</occluded>
		<bndbox>
			<xmin>107</xmin>
			<xmax>192</xmax>
			<ymin>174</ymin>
			<ymax>185</ymax>
		</bndbox>
	</object>
</annotation>
