<annotation>
	<folder></folder>
	<filename>JK36_jpg.rf.be5e5782e5fcf2d46f611474c0b74ba4.jpg</filename>
	<path>JK36_jpg.rf.be5e5782e5fcf2d46f611474c0b74ba4.jpg</path>
	<source>
		<database>roboflow.ai</database>
	</source>
	<size>
		<width>300</width>
		<height>300</height>
		<depth>3</depth>
	</size>
	<segmented>0</segmented>
	<object>
		<name>JK072483</name>
		<pose>Unspecified</pose>
		<truncated>0</truncated>
		<difficult>0</difficult>
		<occluded>0</occluded>
		<bndbox>
			<xmin>151</xmin>
			<xmax>224</xmax>
			<ymin>178</ymin>
			<ymax>200</ymax>
		</bndbox>
	</object>
</annotation>
