<annotation>
	<folder></folder>
	<filename>JK4_jpg.rf.7c78442da6f769f33e75bc5f2427cf67.jpg</filename>
	<path>JK4_jpg.rf.7c78442da6f769f33e75bc5f2427cf67.jpg</path>
	<source>
		<database>roboflow.ai</database>
	</source>
	<size>
		<width>300</width>
		<height>300</height>
		<depth>3</depth>
	</size>
	<segmented>0</segmented>
	<object>
		<name>JK01M4723</name>
		<pose>Unspecified</pose>
		<truncated>0</truncated>
		<difficult>0</difficult>
		<occluded>0</occluded>
		<bndbox>
			<xmin>61</xmin>
			<xmax>160</xmax>
			<ymin>177</ymin>
			<ymax>200</ymax>
		</bndbox>
	</object>
</annotation>
