<annotation>
	<folder></folder>
	<filename>JK5_jpg.rf.ca95d01f3320e3c5123d3a08f4ad642b.jpg</filename>
	<path>JK5_jpg.rf.ca95d01f3320e3c5123d3a08f4ad642b.jpg</path>
	<source>
		<database>roboflow.ai</database>
	</source>
	<size>
		<width>300</width>
		<height>300</height>
		<depth>3</depth>
	</size>
	<segmented>0</segmented>
	<object>
		<name>JK05H3594</name>
		<pose>Unspecified</pose>
		<truncated>0</truncated>
		<difficult>0</difficult>
		<occluded>0</occluded>
		<bndbox>
			<xmin>92</xmin>
			<xmax>184</xmax>
			<ymin>166</ymin>
			<ymax>177</ymax>
		</bndbox>
	</object>
</annotation>
