<annotation>
	<folder></folder>
	<filename>JK6_jpg.rf.1db95fb7c43eab70e176d8809660229e.jpg</filename>
	<path>JK6_jpg.rf.1db95fb7c43eab70e176d8809660229e.jpg</path>
	<source>
		<database>roboflow.ai</database>
	</source>
	<size>
		<width>300</width>
		<height>300</height>
		<depth>3</depth>
	</size>
	<segmented>0</segmented>
	<object>
		<name>JK01R8021</name>
		<pose>Unspecified</pose>
		<truncated>0</truncated>
		<difficult>0</difficult>
		<occluded>0</occluded>
		<bndbox>
			<xmin>174</xmin>
			<xmax>243</xmax>
			<ymin>203</ymin>
			<ymax>228</ymax>
		</bndbox>
	</object>
</annotation>
