<annotation>
	<folder></folder>
	<filename>JK7_jpg.rf.659ce157c55594031f98ecade3dd900b.jpg</filename>
	<path>JK7_jpg.rf.659ce157c55594031f98ecade3dd900b.jpg</path>
	<source>
		<database>roboflow.ai</database>
	</source>
	<size>
		<width>300</width>
		<height>300</height>
		<depth>3</depth>
	</size>
	<segmented>0</segmented>
	<object>
		<name>JK11B4928</name>
		<pose>Unspecified</pose>
		<truncated>0</truncated>
		<difficult>0</difficult>
		<occluded>0</occluded>
		<bndbox>
			<xmin>157</xmin>
			<xmax>241</xmax>
			<ymin>193</ymin>
			<ymax>209</ymax>
		</bndbox>
	</object>
</annotation>
