<annotation>
	<folder></folder>
	<filename>JK9_jpg.rf.93ca5d4b5fd9f3ec2c7274dc75aed12c.jpg</filename>
	<path>JK9_jpg.rf.93ca5d4b5fd9f3ec2c7274dc75aed12c.jpg</path>
	<source>
		<database>roboflow.ai</database>
	</source>
	<size>
		<width>300</width>
		<height>300</height>
		<depth>3</depth>
	</size>
	<segmented>0</segmented>
	<object>
		<name>JK02CD0461</name>
		<pose>Unspecified</pose>
		<truncated>0</truncated>
		<difficult>0</difficult>
		<occluded>0</occluded>
		<bndbox>
			<xmin>89</xmin>
			<xmax>179</xmax>
			<ymin>200</ymin>
			<ymax>217</ymax>
		</bndbox>
	</object>
</annotation>
