<annotation>
	<folder></folder>
	<filename>KA10_jpg.rf.8306c1d71cc3d37e4f1b289373f9ec68.jpg</filename>
	<path>KA10_jpg.rf.8306c1d71cc3d37e4f1b289373f9ec68.jpg</path>
	<source>
		<database>roboflow.ai</database>
	</source>
	<size>
		<width>300</width>
		<height>300</height>
		<depth>3</depth>
	</size>
	<segmented>0</segmented>
	<object>
		<name>KA04MG7528</name>
		<pose>Unspecified</pose>
		<truncated>0</truncated>
		<difficult>0</difficult>
		<occluded>0</occluded>
		<bndbox>
			<xmin>108</xmin>
			<xmax>190</xmax>
			<ymin>198</ymin>
			<ymax>221</ymax>
		</bndbox>
	</object>
</annotation>
