<annotation>
	<folder></folder>
	<filename>KA12_jpg.rf.98c564a6660bf5c40df69914bd5f3a90.jpg</filename>
	<path>KA12_jpg.rf.98c564a6660bf5c40df69914bd5f3a90.jpg</path>
	<source>
		<database>roboflow.ai</database>
	</source>
	<size>
		<width>300</width>
		<height>300</height>
		<depth>3</depth>
	</size>
	<segmented>0</segmented>
	<object>
		<name>KA02MF3336</name>
		<pose>Unspecified</pose>
		<truncated>0</truncated>
		<difficult>0</difficult>
		<occluded>0</occluded>
		<bndbox>
			<xmin>108</xmin>
			<xmax>186</xmax>
			<ymin>163</ymin>
			<ymax>188</ymax>
		</bndbox>
	</object>
</annotation>
