<annotation>
	<folder></folder>
	<filename>KA16_jpg.rf.03f0b2bb1f8600cb23bf1f0f80cb4474.jpg</filename>
	<path>KA16_jpg.rf.03f0b2bb1f8600cb23bf1f0f80cb4474.jpg</path>
	<source>
		<database>roboflow.ai</database>
	</source>
	<size>
		<width>300</width>
		<height>300</height>
		<depth>3</depth>
	</size>
	<segmented>0</segmented>
	<object>
		<name>KA03NC7167</name>
		<pose>Unspecified</pose>
		<truncated>0</truncated>
		<difficult>0</difficult>
		<occluded>0</occluded>
		<bndbox>
			<xmin>103</xmin>
			<xmax>201</xmax>
			<ymin>215</ymin>
			<ymax>235</ymax>
		</bndbox>
	</object>
</annotation>
