<annotation>
	<folder></folder>
	<filename>KA18_jpg.rf.531d2dd887a7b8be424691ba0e0550e5.jpg</filename>
	<path>KA18_jpg.rf.531d2dd887a7b8be424691ba0e0550e5.jpg</path>
	<source>
		<database>roboflow.ai</database>
	</source>
	<size>
		<width>300</width>
		<height>300</height>
		<depth>3</depth>
	</size>
	<segmented>0</segmented>
	<object>
		<name>KA04MK312</name>
		<pose>Unspecified</pose>
		<truncated>0</truncated>
		<difficult>0</difficult>
		<occluded>0</occluded>
		<bndbox>
			<xmin>116</xmin>
			<xmax>170</xmax>
			<ymin>188</ymin>
			<ymax>202</ymax>
		</bndbox>
	</object>
</annotation>
