<annotation>
	<folder></folder>
	<filename>KA1_jpg.rf.d236175e67995f396f824cd6de8702d1.jpg</filename>
	<path>KA1_jpg.rf.d236175e67995f396f824cd6de8702d1.jpg</path>
	<source>
		<database>roboflow.ai</database>
	</source>
	<size>
		<width>300</width>
		<height>300</height>
		<depth>3</depth>
	</size>
	<segmented>0</segmented>
	<object>
		<name>KA03MQ6984</name>
		<pose>Unspecified</pose>
		<truncated>0</truncated>
		<difficult>0</difficult>
		<occluded>0</occluded>
		<bndbox>
			<xmin>110</xmin>
			<xmax>184</xmax>
			<ymin>193</ymin>
			<ymax>215</ymax>
		</bndbox>
	</object>
</annotation>
