<annotation>
	<folder></folder>
	<filename>KA20_jpg.rf.adb773c48e0a1b854a0af11a5b1185dd.jpg</filename>
	<path>KA20_jpg.rf.adb773c48e0a1b854a0af11a5b1185dd.jpg</path>
	<source>
		<database>roboflow.ai</database>
	</source>
	<size>
		<width>300</width>
		<height>300</height>
		<depth>3</depth>
	</size>
	<segmented>0</segmented>
	<object>
		<name>KA19MF1763</name>
		<pose>Unspecified</pose>
		<truncated>0</truncated>
		<difficult>0</difficult>
		<occluded>0</occluded>
		<bndbox>
			<xmin>85</xmin>
			<xmax>186</xmax>
			<ymin>232</ymin>
			<ymax>250</ymax>
		</bndbox>
	</object>
</annotation>
