<annotation>
	<folder></folder>
	<filename>KA21_jpg.rf.73e534c1a403f86169f057febab47480.jpg</filename>
	<path>KA21_jpg.rf.73e534c1a403f86169f057febab47480.jpg</path>
	<source>
		<database>roboflow.ai</database>
	</source>
	<size>
		<width>300</width>
		<height>300</height>
		<depth>3</depth>
	</size>
	<segmented>0</segmented>
	<object>
		<name>KA28M3589</name>
		<pose>Unspecified</pose>
		<truncated>0</truncated>
		<difficult>0</difficult>
		<occluded>0</occluded>
		<bndbox>
			<xmin>116</xmin>
			<xmax>192</xmax>
			<ymin>159</ymin>
			<ymax>168</ymax>
		</bndbox>
	</object>
</annotation>
