<annotation>
	<folder></folder>
	<filename>KA23_jpg.rf.2609197f40936737ca9b3372fe25ad45.jpg</filename>
	<path>KA23_jpg.rf.2609197f40936737ca9b3372fe25ad45.jpg</path>
	<source>
		<database>roboflow.ai</database>
	</source>
	<size>
		<width>300</width>
		<height>300</height>
		<depth>3</depth>
	</size>
	<segmented>0</segmented>
	<object>
		<name>KA51ML4025</name>
		<pose>Unspecified</pose>
		<truncated>0</truncated>
		<difficult>0</difficult>
		<occluded>0</occluded>
		<bndbox>
			<xmin>117</xmin>
			<xmax>174</xmax>
			<ymin>197</ymin>
			<ymax>206</ymax>
		</bndbox>
	</object>
</annotation>
