<annotation>
	<folder></folder>
	<filename>KA24_jpg.rf.c5c0a4bd0099a05bbee47be35d9b644b.jpg</filename>
	<path>KA24_jpg.rf.c5c0a4bd0099a05bbee47be35d9b644b.jpg</path>
	<source>
		<database>roboflow.ai</database>
	</source>
	<size>
		<width>300</width>
		<height>300</height>
		<depth>3</depth>
	</size>
	<segmented>0</segmented>
	<object>
		<name>KA25P5080</name>
		<pose>Unspecified</pose>
		<truncated>0</truncated>
		<difficult>0</difficult>
		<occluded>0</occluded>
		<bndbox>
			<xmin>155</xmin>
			<xmax>231</xmax>
			<ymin>216</ymin>
			<ymax>244</ymax>
		</bndbox>
	</object>
</annotation>
