<annotation>
	<folder></folder>
	<filename>KA25_jpg.rf.9d8dbfe5d8be657d66a5abba31ebf231.jpg</filename>
	<path>KA25_jpg.rf.9d8dbfe5d8be657d66a5abba31ebf231.jpg</path>
	<source>
		<database>roboflow.ai</database>
	</source>
	<size>
		<width>300</width>
		<height>300</height>
		<depth>3</depth>
	</size>
	<segmented>0</segmented>
	<object>
		<name>KA38M8037</name>
		<pose>Unspecified</pose>
		<truncated>0</truncated>
		<difficult>0</difficult>
		<occluded>0</occluded>
		<bndbox>
			<xmin>72</xmin>
			<xmax>197</xmax>
			<ymin>189</ymin>
			<ymax>204</ymax>
		</bndbox>
	</object>
</annotation>
