<annotation>
	<folder></folder>
	<filename>KA3_jpg.rf.74c9ce881c911f3e21f4ea74d16e797b.jpg</filename>
	<path>KA3_jpg.rf.74c9ce881c911f3e21f4ea74d16e797b.jpg</path>
	<source>
		<database>roboflow.ai</database>
	</source>
	<size>
		<width>300</width>
		<height>300</height>
		<depth>3</depth>
	</size>
	<segmented>0</segmented>
	<object>
		<name>KA06C9590</name>
		<pose>Unspecified</pose>
		<truncated>0</truncated>
		<difficult>0</difficult>
		<occluded>0</occluded>
		<bndbox>
			<xmin>78</xmin>
			<xmax>160</xmax>
			<ymin>159</ymin>
			<ymax>176</ymax>
		</bndbox>
	</object>
</annotation>
