<annotation>
	<folder></folder>
	<filename>KA4_jpg.rf.366ce4852188c7e902342c0dfee17d39.jpg</filename>
	<path>KA4_jpg.rf.366ce4852188c7e902342c0dfee17d39.jpg</path>
	<source>
		<database>roboflow.ai</database>
	</source>
	<size>
		<width>300</width>
		<height>300</height>
		<depth>3</depth>
	</size>
	<segmented>0</segmented>
	<object>
		<name>KA38M8037</name>
		<pose>Unspecified</pose>
		<truncated>0</truncated>
		<difficult>0</difficult>
		<occluded>0</occluded>
		<bndbox>
			<xmin>72</xmin>
			<xmax>196</xmax>
			<ymin>186</ymin>
			<ymax>200</ymax>
		</bndbox>
	</object>
</annotation>
