<annotation>
	<folder></folder>
	<filename>KA7_jpg.rf.86c5a84f84e4aa81951318d75ef778ac.jpg</filename>
	<path>KA7_jpg.rf.86c5a84f84e4aa81951318d75ef778ac.jpg</path>
	<source>
		<database>roboflow.ai</database>
	</source>
	<size>
		<width>300</width>
		<height>300</height>
		<depth>3</depth>
	</size>
	<segmented>0</segmented>
	<object>
		<name>KA51P7755</name>
		<pose>Unspecified</pose>
		<truncated>0</truncated>
		<difficult>0</difficult>
		<occluded>0</occluded>
		<bndbox>
			<xmin>141</xmin>
			<xmax>184</xmax>
			<ymin>226</ymin>
			<ymax>238</ymax>
		</bndbox>
	</object>
</annotation>
