<annotation>
	<folder></folder>
	<filename>KA8_jpg.rf.176da03e8763234ae8904e6d7052bab4.jpg</filename>
	<path>KA8_jpg.rf.176da03e8763234ae8904e6d7052bab4.jpg</path>
	<source>
		<database>roboflow.ai</database>
	</source>
	<size>
		<width>300</width>
		<height>300</height>
		<depth>3</depth>
	</size>
	<segmented>0</segmented>
	<object>
		<name>KA51D9662</name>
		<pose>Unspecified</pose>
		<truncated>0</truncated>
		<difficult>0</difficult>
		<occluded>0</occluded>
		<bndbox>
			<xmin>125</xmin>
			<xmax>212</xmax>
			<ymin>238</ymin>
			<ymax>264</ymax>
		</bndbox>
	</object>
</annotation>
