<annotation>
	<folder></folder>
	<filename>KA9_jpg.rf.f77034d77969c394f6b0da37e774d76a.jpg</filename>
	<path>KA9_jpg.rf.f77034d77969c394f6b0da37e774d76a.jpg</path>
	<source>
		<database>roboflow.ai</database>
	</source>
	<size>
		<width>300</width>
		<height>300</height>
		<depth>3</depth>
	</size>
	<segmented>0</segmented>
	<object>
		<name>KA01MB9714</name>
		<pose>Unspecified</pose>
		<truncated>0</truncated>
		<difficult>0</difficult>
		<occluded>0</occluded>
		<bndbox>
			<xmin>110</xmin>
			<xmax>185</xmax>
			<ymin>216</ymin>
			<ymax>227</ymax>
		</bndbox>
	</object>
</annotation>
