<annotation>
	<folder></folder>
	<filename>KL11_jpg.rf.6b8b4c33178f65c7c2b27d150c7cbb23.jpg</filename>
	<path>KL11_jpg.rf.6b8b4c33178f65c7c2b27d150c7cbb23.jpg</path>
	<source>
		<database>roboflow.ai</database>
	</source>
	<size>
		<width>300</width>
		<height>300</height>
		<depth>3</depth>
	</size>
	<segmented>0</segmented>
	<object>
		<name>KL0BBJ5001</name>
		<pose>Unspecified</pose>
		<truncated>0</truncated>
		<difficult>0</difficult>
		<occluded>0</occluded>
		<bndbox>
			<xmin>102</xmin>
			<xmax>198</xmax>
			<ymin>200</ymin>
			<ymax>216</ymax>
		</bndbox>
	</object>
</annotation>
